Date,Actual,Predicted,Error,Abs_Error,Prediction_Change,Is_Constant
2022-02-16,-1.8115726,0.041957125,-1.8535297,1.8535297,,False
2022-02-17,-1.8969455,0.049942017,-1.9468875,1.9468875,0.0079848915,False
2022-02-18,-0.38405967,0.060011268,-0.44407094,0.44407094,0.010069251,False
2022-02-22,1.5766721,0.06593995,1.5107322,1.5107322,0.0059286803,False
2022-02-23,0.08812077,0.063131906,0.024988867,0.024988867,0.0028080419,False
2022-02-24,-2.1173139,0.059013017,-2.176327,2.176327,0.0041188896,False
2022-02-25,-0.71661615,0.06593493,-0.7825511,0.7825511,0.006921917,False
2022-02-28,-1.0142945,0.067253426,-1.081548,1.081548,0.001318492,False
2022-03-01,-1.8412123,0.06956888,-1.9107811,1.9107811,0.0023154542,False
2022-03-02,1.4956856,0.07387003,1.4218155,1.4218155,0.004301153,False
2022-03-03,2.2372677,0.07414776,2.16312,2.16312,0.00027772784,False
2022-03-04,-0.24426034,0.06932634,-0.31358668,0.31358668,0.0048214197,False
2022-03-07,-1.5473504,0.07239235,-1.6197428,1.6197428,0.0030660108,False
2022-03-08,1.8642691,0.07832796,1.7859411,1.7859411,0.0059356093,False
2022-03-09,-0.5254666,0.077407055,-0.6028737,0.6028737,0.00092090666,False
2022-03-10,-0.7934043,0.076982394,-0.87038666,0.87038666,0.00042466074,False
2022-03-11,-2.9518158,0.07916275,-3.0309787,3.0309787,0.0021803528,False
2022-03-14,-0.7233754,0.08380376,-0.80717915,0.80717915,0.0046410114,False
2022-03-15,2.5698247,0.08495246,2.4848723,2.4848723,0.0011487007,False
2022-03-16,-0.42918137,0.08362139,-0.5128028,0.5128028,0.0013310686,False
2022-03-17,-1.2961545,0.079856366,-1.3760109,1.3760109,0.0037650242,False
2022-03-18,-0.74210024,0.07899296,-0.8210932,0.8210932,0.0008634031,False
2022-03-21,2.1408575,0.07990051,2.060957,2.060957,0.0009075478,False
2022-03-22,2.2383761,0.07719223,2.1611838,2.1611838,0.0027082786,False
2022-03-23,1.2347817,0.07025926,1.1645225,1.1645225,0.006932974,False
2022-03-24,1.1662295,0.0654393,1.1007901,1.1007901,0.0048199594,False
2022-03-25,-0.043466035,0.059286483,-0.10275252,0.10275252,0.006152816,False
2022-03-28,1.1304114,0.05626241,1.074149,1.074149,0.0030240715,False
2022-03-29,-1.2272699,0.053540707,-1.2808106,1.2808106,0.0027217045,False
2022-03-30,1.4343913,0.05366759,1.3807237,1.3807237,0.00012688339,False
2022-03-31,0.50661707,0.048995517,0.45762154,0.45762154,0.004672073,False
2022-04-01,0.71449554,0.04536143,0.66913414,0.66913414,0.0036340877,False
2022-04-04,1.2256547,0.04088726,1.1847675,1.1847675,0.0044741705,False
2022-04-05,-0.62937003,0.036849156,-0.6662192,0.6662192,0.004038103,False
2022-04-06,-1.5652541,0.036080193,-1.6013343,1.6013343,0.00076896325,False
2022-04-07,0.34102225,0.038933657,0.3020886,0.3020886,0.0028534643,False
2022-04-08,0.8090939,0.037011053,0.77208287,0.77208287,0.0019226037,False
2022-04-11,-1.2551721,0.032366775,-1.2875389,1.2875389,0.0046442784,False
2022-04-12,-0.97169167,0.035754837,-1.0074465,1.0074465,0.0033880621,False
2022-04-13,0.42533857,0.038538,0.38680056,0.38680056,0.0027831644,False
2022-04-14,-0.26510265,0.037194274,-0.30229694,0.30229694,0.0013437271,False
2022-04-18,-1.687729,0.034389503,-1.7221185,1.7221185,0.002804771,False
2022-04-19,-0.34174478,0.04014744,-0.3818922,0.3818922,0.0057579353,False
2022-04-20,1.1174577,0.040606648,1.0768511,1.0768511,0.00045920908,False
2022-04-21,-1.2144138,0.03412862,-1.2485424,1.2485424,0.0064780265,False
2022-04-22,-0.020486828,0.033760224,-0.05424705,0.05424705,0.00036839768,False
2022-04-25,1.6057605,0.031718906,1.5740416,1.5740416,0.0020413175,False
2022-04-26,-0.061847508,0.028963856,-0.090811364,0.090811364,0.0027550496,False
2022-04-27,-1.4752948,0.025134392,-1.5004293,1.5004293,0.0038294643,False
2022-04-28,-2.7740054,0.02940135,-2.8034067,2.8034067,0.0042669587,False
2022-04-29,0.5697937,0.043918505,0.5258752,0.5258752,0.014517155,False
2022-05-02,-2.8146307,0.046918586,-2.8615494,2.8615494,0.0030000806,False
2022-05-03,0.20980468,0.06100575,0.14879894,0.14879894,0.014087163,False
2022-05-04,2.47469,0.063989125,2.4107008,2.4107008,0.0029833764,False
2022-05-05,-3.6284506,0.06348658,-3.6919372,3.6919372,0.00050254166,False
2022-05-06,0.56752425,0.06919696,0.49832729,0.49832729,0.0057103783,False
2022-05-09,0.48371264,0.07019375,0.4135189,0.4135189,0.0009967908,False
2022-05-10,2.986242,0.06603858,2.9202034,2.9202034,0.004155174,False
2022-05-11,-3.564971,0.056634724,-3.6216056,3.6216056,0.009403855,False
2022-05-12,-0.5674225,0.06457564,-0.6319982,0.6319982,0.007940918,False
2022-05-13,-3.20371,0.065446116,-3.2691562,3.2691562,0.0008704737,False
2022-05-16,0.24578975,0.071805574,0.17398417,0.17398417,0.006359458,False
2022-05-17,-1.6463207,0.07267488,-1.7189956,1.7189956,0.00086930394,False
2022-05-18,-0.12959646,0.073240824,-0.20283729,0.20283729,0.0005659461,False
2022-05-19,2.3869696,0.07279167,2.314178,2.314178,0.0004491508,False
2022-05-20,-0.3946401,0.06811089,-0.46275097,0.46275097,0.0046807826,False
2022-05-23,2.0169632,0.06373755,1.9532257,1.9532257,0.004373342,False
2022-05-24,-4.039526,0.05938202,-4.098908,4.098908,0.0043555275,False
2022-05-25,-0.5833782,0.06668396,-0.65006214,0.65006214,0.0073019415,False
2022-05-26,0.014614177,0.066910334,-0.052296158,0.052296158,0.00022637099,False
2022-05-27,1.855504,0.06749092,1.7880131,1.7880131,0.0005805865,False
2022-05-31,-0.8120798,0.06619422,-0.878274,0.878274,0.001296699,False
2022-06-01,0.94507647,0.067068316,0.8780081,0.8780081,0.00087409467,False
2022-06-02,1.9883256,0.0655703,1.9227552,1.9227552,0.0014980137,False
2022-06-03,2.4742262,0.063454956,2.4107714,2.4107714,0.0021153465,False
2022-06-06,-0.6274369,0.058758073,-0.68619496,0.68619496,0.0046968833,False
2022-06-07,-0.7482769,0.057992913,-0.8062698,0.8062698,0.0007651597,False
2022-06-08,1.8431019,0.056805998,1.7862959,1.7862959,0.0011869147,False
2022-06-09,-1.6347314,0.054442063,-1.6891735,1.6891735,0.002363935,False
2022-06-10,0.31374007,0.05334092,0.26039916,0.26039916,0.0011011437,False
2022-06-13,0.9523393,0.053299688,0.8990396,0.8990396,4.1231513e-05,False
2022-06-14,-1.0793946,0.049943935,-1.1293385,1.1293385,0.0033557527,False
2022-06-15,-2.3798695,0.048138797,-2.4280083,2.4280083,0.0018051378,False
2022-06-16,-2.9110303,0.051649056,-2.9626794,2.9626794,0.003510259,False
2022-06-17,-3.876843,0.055855274,-3.9326982,3.9326982,0.004206218,False
2022-06-21,-0.37736797,0.06624863,-0.4436166,0.4436166,0.010393359,False
2022-06-22,1.4592505,0.06845693,1.3907936,1.3907936,0.0022083,False
2022-06-23,-3.2511952,0.06541345,-3.3166087,3.3166087,0.0030434802,False
2022-06-24,0.22008657,0.06894077,0.1511458,0.1511458,0.003527321,False
2022-06-27,2.4477243,0.06778457,2.3799398,2.3799398,0.0011562034,False
2022-06-28,-0.13015723,0.06596789,-0.19612512,0.19612512,0.0018166825,False
2022-06-29,0.95322174,0.06310621,0.8901155,0.8901155,0.0028616786,False
2022-06-30,3.0563293,0.062147267,2.9941819,2.9941819,0.0009589419,False
2022-07-01,-0.29730716,0.05837457,-0.35568172,0.35568172,0.0037726983,False
2022-07-05,-2.0143037,0.05631505,-2.0706186,2.0706186,0.0020595193,False
2022-07-06,-0.07117454,0.058136575,-0.12931111,0.12931111,0.0018215254,False
2022-07-07,-0.8759278,0.05848553,-0.9344133,0.9344133,0.0003489554,False
2022-07-08,1.0553814,0.059890635,0.9954908,0.9954908,0.001405105,False
2022-07-11,0.15841286,0.05685121,0.10156165,0.10156165,0.003039427,False
2022-07-12,0.35731643,0.05771529,0.29960114,0.29960114,0.0008640811,False
2022-07-13,1.4964588,0.056637064,1.4398217,1.4398217,0.0010782257,False
2022-07-14,-0.083027154,0.05520744,-0.13823459,0.13823459,0.0014296249,False
2022-07-15,-1.1527462,0.05182588,-1.2045721,1.2045721,0.0033815578,False
2022-07-18,-0.9243879,0.05395513,-0.978343,0.978343,0.0021292493,False
2022-07-19,-0.44569024,0.05670158,-0.5023918,0.5023918,0.002746448,False
2022-07-20,-0.2998634,0.056044325,-0.35590774,0.35590774,0.00065725297,False
2022-07-21,1.9201249,0.054791234,1.8653337,1.8653337,0.0012530908,False
2022-07-22,-0.8363572,0.049523145,-0.88588035,0.88588035,0.0052680895,False
2022-07-25,2.762829,0.049097344,2.7137318,2.7137318,0.00042580068,False
2022-07-26,0.5895806,0.047000617,0.54258,0.54258,0.0020967275,False
2022-07-27,0.9861373,0.044432666,0.94170463,0.94170463,0.0025679506,False
2022-07-28,-0.9332467,0.041449185,-0.97469586,0.97469586,0.0029834807,False
2022-07-29,0.13151671,0.03994652,0.09157019,0.09157019,0.0015026666,False
2022-08-01,-1.1543202,0.039713927,-1.1940342,1.1940342,0.00023259223,False
2022-08-02,2.6156273,0.042616405,2.573011,2.573011,0.002902478,False
2022-08-03,1.2133338,0.03994584,1.173388,1.173388,0.0026705638,False
2022-08-04,1.420776,0.036564246,1.3842118,1.3842118,0.003381595,False
2022-08-05,-0.2823084,0.032530803,-0.3148392,0.3148392,0.0040334426,False
2022-08-08,-0.66623956,0.03473672,-0.70097625,0.70097625,0.0022059157,False
2022-08-09,1.5638477,0.037910745,1.525937,1.525937,0.0031740256,False
2022-08-10,-0.077734016,0.034048792,-0.111782804,0.111782804,0.0038619526,False
2022-08-11,-0.1625746,0.03130654,-0.19388114,0.19388114,0.0027422532,False
2022-08-12,-0.123755075,0.029696282,-0.15345135,0.15345135,0.0016102567,False
2022-08-15,-0.4248693,0.028992042,-0.45386136,0.45386136,0.00070424005,False
2022-08-16,2.1290638,0.029516438,2.0995474,2.0995474,0.0005243961,False
2022-08-17,-0.070547394,0.024350714,-0.094898105,0.094898105,0.005165724,False
2022-08-18,1.7322369,0.023462148,1.7087747,1.7087747,0.00088856556,False
2022-08-19,0.39695418,0.021307735,0.37564644,0.37564644,0.0021544136,False
2022-08-22,0.18756798,0.021208677,0.1663593,0.1663593,9.905733e-05,False
2022-08-23,-0.7237795,0.02034158,-0.7441211,0.7441211,0.0008670967,False
2022-08-24,0.22695611,0.020616148,0.20633997,0.20633997,0.00027456693,False
2022-08-25,-1.2900001,0.019765152,-1.3097652,1.3097652,0.000850996,False
2022-08-26,-2.1400065,0.022154003,-2.1621606,2.1621606,0.0023888517,False
2022-08-29,-0.22378626,0.031455074,-0.25524133,0.25524133,0.00930107,False
2022-08-30,0.29161605,0.035007343,0.25660872,0.25660872,0.0035522692,False
2022-08-31,1.4091605,0.032689396,1.376471,1.376471,0.0023179464,False
2022-09-01,-3.368806,0.0292284,-3.3980343,3.3980343,0.0034609959,False
2022-09-02,-0.6666356,0.038148455,-0.70478404,0.70478404,0.008920055,False
2022-09-06,-1.1028155,0.042611606,-1.1454271,1.1454271,0.004463151,False
2022-09-07,-0.7817025,0.044387918,-0.82609046,0.82609046,0.0017763115,False
2022-09-08,0.2996232,0.044363037,0.25526017,0.25526017,2.4881214e-05,False
2022-09-09,-1.07365,0.04370205,-1.117352,1.117352,0.0006609857,False
2022-09-12,-0.4095057,0.04335928,-0.45286497,0.45286497,0.0003427714,False
2022-09-13,1.8341017,0.046455394,1.7876463,1.7876463,0.0030961148,False
2022-09-14,0.6610722,0.042613596,0.6184586,0.6184586,0.0038417988,False
2022-09-15,1.527145,0.03873302,1.488412,1.488412,0.0038805753,False
2022-09-16,1.0584273,0.0355167,1.0229106,1.0229106,0.0032163188,False
2022-09-19,-4.3236613,0.036808036,-4.3604693,4.3604693,0.0012913346,False
2022-09-20,0.33870122,0.045017272,0.29368395,0.29368395,0.008209236,False
2022-09-21,-1.131774,0.045787193,-1.1775612,1.1775612,0.00076992065,False
2022-09-22,-0.7182134,0.046588857,-0.7648022,0.7648022,0.00080166385,False
2022-09-23,0.6857101,0.047088657,0.6386214,0.6386214,0.00049979985,False
2022-09-26,-1.1272103,0.046285536,-1.1734958,1.1734958,0.00080312043,False
2022-09-27,-1.7116494,0.048723616,-1.760373,1.760373,0.0024380796,False
2022-09-28,-0.8427581,0.05129999,-0.8940581,0.8940581,0.0025763735,False
2022-09-29,-1.723262,0.051075436,-1.7743374,1.7743374,0.00022455305,False
2022-09-30,-1.0340526,0.055717796,-1.0897704,1.0897704,0.00464236,False
2022-10-03,-0.21203598,0.06053175,-0.27256775,0.27256775,0.0048139542,False
2022-10-04,1.967214,0.062752776,1.9044613,1.9044613,0.0022210255,False
2022-10-05,-2.1126437,0.060843855,-2.1734877,2.1734877,0.0019089207,False
2022-10-06,-1.5066695,0.06305108,-1.5697206,1.5697206,0.002207227,False
2022-10-07,2.5883894,0.063585356,2.524804,2.524804,0.0005342737,False
2022-10-11,3.05837,0.062006056,2.996364,2.996364,0.0015792996,False
2022-10-12,-0.20179488,0.06007105,-0.2618659,0.2618659,0.0019350052,False
2022-10-13,-1.0245081,0.058408722,-1.0829169,1.0829169,0.0016623288,False
2022-10-14,-2.8003619,0.060868308,-2.8612301,2.8612301,0.0024595857,False
2022-10-17,-0.6519176,0.06295284,-0.7148704,0.7148704,0.002084531,False
2022-10-18,-0.3290773,0.06641014,-0.39548743,0.39548743,0.0034573004,False
2022-10-19,2.5965643,0.067649975,2.5289142,2.5289142,0.0012398362,False
2022-10-20,-2.3662663,0.06667323,-2.4329395,2.4329395,0.0009767488,False
2022-10-21,2.6480052,0.066537276,2.5814679,2.5814679,0.00013595074,False
2022-10-24,1.1427569,0.06572094,1.077036,1.077036,0.00081633776,False
2022-10-25,-0.66720974,0.06432724,-0.731537,0.731537,0.0013936982,False
2022-10-26,-0.795091,0.06404713,-0.85913813,0.85913813,0.00028011203,False
2022-10-27,2.372482,0.062601715,2.3098803,2.3098803,0.0014454126,False
2022-10-28,1.1881976,0.061665095,1.1265326,1.1265326,0.00093661994,False
2022-10-31,1.6266655,0.061241753,1.5654237,1.5654237,0.000423342,False
2022-11-01,-0.7387716,0.058817744,-0.79758936,0.79758936,0.0024240091,False
2022-11-02,-0.60826105,0.055834405,-0.66409546,0.66409546,0.0029833391,False
2022-11-03,2.462638,0.05480989,2.407828,2.407828,0.0010245144,False
2022-11-04,-0.7454404,0.051103193,-0.7965436,0.7965436,0.0037066974,False
2022-11-07,-0.41012305,0.049693823,-0.45981687,0.45981687,0.0014093705,False
2022-11-08,-2.5001986,0.048903286,-2.5491018,2.5491018,0.0007905364,False
2022-11-09,-1.0585992,0.048660528,-1.1072598,1.1072598,0.00024275854,False
2022-11-10,1.3618724,0.047493525,1.3143789,1.3143789,0.0011670031,False
2022-11-14,0.9613982,0.045329407,0.9160688,0.9160688,0.002164118,False
2022-11-15,0.5597893,0.04355391,0.5162354,0.5162354,0.0017754957,False
2022-11-16,-2.0777886,0.044586137,-2.1223748,2.1223748,0.0010322258,False
2022-11-17,5.5434484,0.045445133,5.4980035,5.4980035,0.00085899606,False
2022-11-18,-0.8935777,0.040822715,-0.93440044,0.93440044,0.0046224184,False
2022-11-21,0.87131166,0.03910309,0.8322086,0.8322086,0.0017196238,False
2022-11-22,-0.8252047,0.03962525,-0.8648299,0.8648299,0.00052215904,False
2022-11-23,-0.30893227,0.03855168,-0.34748396,0.34748396,0.0010735691,False
2022-11-25,0.47585818,0.037325535,0.43853265,0.43853265,0.0012261458,False
2022-11-28,-0.38836887,0.03469439,-0.42306328,0.42306328,0.0026311465,False
2022-11-29,1.3579988,0.03158068,1.3264182,1.3264182,0.0031137094,False
2022-11-30,0.59146893,0.027603641,0.5638653,0.5638653,0.003977038,False
2022-12-01,-0.02830442,0.023672739,-0.051977158,0.051977158,0.003930902,False
2022-12-02,-1.5444193,0.022265146,-1.5666845,1.5666845,0.0014075935,False
2022-12-05,-0.15918653,0.025494687,-0.1846812,0.1846812,0.0032295417,False
2022-12-06,3.0947871,0.025627475,3.0691597,3.0691597,0.00013278797,False
2022-12-07,-0.08676332,0.022548135,-0.10931146,0.10931146,0.0030793399,False
2022-12-08,-0.11946605,0.019340416,-0.13880646,0.13880646,0.003207719,False
2022-12-09,-1.7894212,0.01599554,-1.8054167,1.8054167,0.0033448767,False
2022-12-12,-1.4399195,0.0189937,-1.4589132,1.4589132,0.0029981602,False
2022-12-13,-0.18623708,0.023512477,-0.20974956,0.20974956,0.004518777,False
2022-12-14,0.7521782,0.02630854,0.72586966,0.72586966,0.0027960632,False
2022-12-15,-0.7349578,0.026231911,-0.7611897,0.7611897,7.662922e-05,False
2022-12-16,1.4279296,0.02741388,1.4005158,1.4005158,0.0011819694,False
2022-12-19,0.7289664,0.03231435,0.69665205,0.69665205,0.0049004685,False
2022-12-20,-0.6052725,0.028180854,-0.6334533,0.6334533,0.0041334946,False
2022-12-21,-2.4921675,0.023398492,-2.5155659,2.5155659,0.004782362,False
2022-12-22,-1.1137751,0.026188372,-1.1399635,1.1399635,0.0027898792,False
2022-12-23,-0.9007516,0.026573617,-0.9273252,0.9273252,0.0003852453,False
2022-12-27,0.10373384,0.026361428,0.07737241,0.07737241,0.00021218881,False
2022-12-28,1.4867994,0.024087023,1.4627123,1.4627123,0.0022744052,False
2022-12-29,-1.4451699,0.020068116,-1.4652381,1.4652381,0.0040189065,False
2022-12-30,0.58681023,0.023303237,0.563507,0.563507,0.0032351203,False
2023-01-03,-0.4049622,0.021739222,-0.42670143,0.42670143,0.0015640147,False
2023-01-04,-1.2020638,0.022929259,-1.2249931,1.2249931,0.0011900365,False
2023-01-05,1.7461332,0.024380747,1.7217524,1.7217524,0.0014514886,False
2023-01-06,-0.25407425,0.023038588,-0.27711284,0.27711284,0.0013421588,False
2023-01-09,-0.4000549,0.023138925,-0.4231938,0.4231938,0.00010033697,False
2023-01-10,0.7538971,0.026074067,0.727823,0.727823,0.0029351413,False
2023-01-11,-1.1645529,0.02498746,-1.1895404,1.1895404,0.0010866076,False
2023-01-12,2.2840781,0.025714375,2.2583637,2.2583637,0.0007269159,False
2023-01-13,-0.07676326,0.022830522,-0.09959378,0.09959378,0.0028838534,False
2023-01-17,0.69782335,0.023883045,0.6739403,0.6739403,0.001052523,False
2023-01-18,1.2849425,0.02076045,1.2641821,1.2641821,0.0031225942,False
2023-01-19,0.34159058,0.020555582,0.321035,0.321035,0.00020486861,False
2023-01-20,0.39968583,0.015102034,0.3845838,0.3845838,0.0054535475,False
2023-01-23,-0.20304912,0.012264314,-0.21531343,0.21531343,0.0028377203,False
2023-01-24,-1.5562599,0.012947159,-1.5692071,1.5692071,0.0006828448,False
2023-01-25,-0.763835,0.015572334,-0.7794073,0.7794073,0.0026251748,False
2023-01-26,1.8918401,0.017110156,1.87473,1.87473,0.0015378222,False
2023-01-27,1.1881346,0.016321287,1.1718132,1.1718132,0.00078886934,False
2023-01-30,-0.07115031,0.01615015,-0.087300465,0.087300465,0.00017113611,False
2023-01-31,-0.018172506,0.014523011,-0.032695517,0.032695517,0.0016271397,False
2023-02-01,1.1007854,0.013818876,1.0869665,1.0869665,0.0007041348,False
2023-02-02,0.24948409,0.013021052,0.23646304,0.23646304,0.000797824,False
2023-02-03,-1.296874,0.012511016,-1.3093851,1.3093851,0.000510036,False
2023-02-06,1.464247,0.015930852,1.4483161,1.4483161,0.003419836,False
2023-02-07,1.0452304,0.015979616,1.0292507,1.0292507,4.876405e-05,False
2023-02-08,1.4699373,0.013014263,1.456923,1.456923,0.0029653534,False
2023-02-09,-1.0354611,0.0134846335,-1.0489457,1.0489457,0.000470371,False
2023-02-10,-0.6140463,0.01344049,-0.62748677,0.62748677,4.414376e-05,False
2023-02-13,1.2872511,0.016405169,1.2708459,1.2708459,0.0029646792,False
2023-02-14,-1.1080724,0.015954062,-1.1240264,1.1240264,0.00045110658,False
2023-02-15,-0.88297963,0.018276628,-0.90125626,0.90125626,0.0023225658,False
2023-02-16,0.21952617,0.021917397,0.19760877,0.19760877,0.003640769,False
2023-02-17,1.144861,0.022338398,1.1225226,1.1225226,0.00042100064,False
2023-02-21,-0.028041454,0.021794776,-0.04983623,0.04983623,0.0005436223,False
2023-02-22,0.27731758,0.018200956,0.25911662,0.25911662,0.0035938192,False
2023-02-23,-1.3788742,0.015748234,-1.3946224,1.3946224,0.0024527218,False
2023-02-24,-0.27674058,0.019170595,-0.29591116,0.29591116,0.0034223609,False
2023-02-27,-2.0041234,0.01976046,-2.0238838,2.0238838,0.0005898643,False
2023-02-28,-0.15735562,0.026838446,-0.18419407,0.18419407,0.0070779864,False
2023-03-01,0.53294295,0.027180258,0.5057627,0.5057627,0.00034181215,False
2023-03-02,-1.0537552,0.024242664,-1.0779978,1.0779978,0.0029375944,False
2023-03-03,0.30730045,0.02425418,0.28304628,0.28304628,1.1516735e-05,False
2023-03-06,-0.3036002,0.022234898,-0.32583508,0.32583508,0.0020192824,False
2023-03-07,-0.4725265,0.020760415,-0.4932869,0.4932869,0.0014744829,False
2023-03-08,0.7582194,0.019730212,0.7384892,0.7384892,0.001030203,False
2023-03-09,1.6147738,0.017001856,1.5977719,1.5977719,0.002728356,False
2023-03-10,0.068716675,0.013836967,0.05487971,0.05487971,0.0031648893,False
2023-03-13,-1.532692,0.012652759,-1.5453447,1.5453447,0.0011842074,False
2023-03-14,0.1414794,0.014260955,0.12721846,0.12721846,0.0016081957,False
2023-03-15,-1.8459358,0.013976579,-1.8599124,1.8599124,0.00028437655,False
2023-03-16,-1.4478139,0.02221034,-1.4700242,1.4700242,0.0082337605,False
2023-03-17,-0.1509761,0.030098092,-0.1810742,0.1810742,0.007887753,False
2023-03-20,1.6476655,0.036852285,1.6108133,1.6108133,0.0067541935,False
2023-03-21,-0.69808835,0.033139437,-0.73122776,0.73122776,0.0037128478,False
2023-03-22,1.7562007,0.037838273,1.7183625,1.7183625,0.0046988353,False
2023-03-23,-1.1019458,0.032404453,-1.1343502,1.1343502,0.00543382,False
2023-03-24,0.8918404,0.036911145,0.85492927,0.85492927,0.0045066923,False
2023-03-27,1.2982194,0.03540293,1.2628165,1.2628165,0.0015082136,False
2023-03-28,-1.6463224,0.028244048,-1.6745664,1.6745664,0.007158883,False
2023-03-29,0.29845288,0.028060008,0.27039286,0.27039286,0.00018404052,False
2023-03-30,0.5639807,0.02866754,0.5353131,0.5353131,0.0006075315,False
2023-03-31,0.16469543,0.026675092,0.13802034,0.13802034,0.0019924473,False
2023-04-03,-0.15738435,0.023391668,-0.18077601,0.18077601,0.0032834243,False
2023-04-04,1.4237269,0.020794678,1.4029323,1.4029323,0.0025969893,False
2023-04-05,0.57152694,0.018037248,0.5534897,0.5534897,0.00275743,False
2023-04-06,1.4436543,0.016700527,1.4269538,1.4269538,0.0013367217,False
2023-04-10,0.36988464,0.015392879,0.35449177,0.35449177,0.0013076477,False
2023-04-11,-0.5796972,0.014568718,-0.59426594,0.59426594,0.0008241609,False
2023-04-12,-0.24923706,0.015115861,-0.26435292,0.26435292,0.0005471427,False
2023-04-13,0.3579163,0.015711768,0.34220454,0.34220454,0.00059590675,False
2023-04-14,0.099630296,0.01471064,0.084919654,0.084919654,0.001001128,False
2023-04-17,-0.004135248,0.015534978,-0.019670226,0.019670226,0.00082433876,False
2023-04-18,-0.41348842,0.015911518,-0.42939994,0.42939994,0.0003765393,False
2023-04-19,1.326269,0.016259728,1.3100094,1.3100094,0.00034821033,False
2023-04-20,-0.20693734,0.013926215,-0.22086355,0.22086355,0.0023335135,False
2023-04-21,0.3306157,0.012645011,0.3179707,0.3179707,0.0012812037,False
2023-04-24,0.08552203,0.012028916,0.073493116,0.073493116,0.000616095,False
2023-04-25,-0.0084262,0.012247538,-0.020673737,0.020673737,0.00021862239,False
2023-04-26,-0.59525484,0.013285631,-0.6085405,0.6085405,0.0010380931,False
2023-04-27,0.09031889,0.015413033,0.07490586,0.07490586,0.0021274015,False
2023-04-28,0.085157916,0.017383158,0.06777476,0.06777476,0.0019701254,False
2023-05-01,-1.5810859,0.019370593,-1.6004565,1.6004565,0.001987435,False
2023-05-02,-0.3841187,0.024269143,-0.40838784,0.40838784,0.00489855,False
2023-05-03,1.956615,0.026820142,1.9297948,1.9297948,0.0025509987,False
2023-05-04,0.8253203,0.025327317,0.799993,0.799993,0.0014928244,False
2023-05-05,-0.03861065,0.0246712,-0.06328185,0.06328185,0.00065611675,False
2023-05-08,-1.1586263,0.025317151,-1.1839435,1.1839435,0.00064595044,False
2023-05-09,-0.69983053,0.02800474,-0.7278353,0.7278353,0.0026875883,False
2023-05-10,-0.7218732,0.03150451,-0.75337774,0.75337774,0.0034997724,False
2023-05-11,1.8474752,0.037137087,1.8103381,1.8103381,0.0056325756,False
2023-05-12,0.045212865,0.03331985,0.011893015,0.011893015,0.003817238,False
2023-05-15,-0.45794213,0.032227233,-0.49016935,0.49016935,0.0010926165,False
2023-05-16,0.44839653,0.032783583,0.41561294,0.41561294,0.00055634975,False
2023-05-17,-0.1696624,0.033089783,-0.20275219,0.20275219,0.00030620024,False
2023-05-18,-0.15833068,0.032872476,-0.19120315,0.19120315,0.00021730736,False
2023-05-19,0.29581645,0.032750707,0.26306576,0.26306576,0.000121768564,False
2023-05-22,-0.6377683,0.032865226,-0.67063355,0.67063355,0.00011451915,False
2023-05-23,1.1890829,0.03356886,1.155514,1.155514,0.00070363283,False
2023-05-24,0.94450486,0.032957457,0.9115474,0.9115474,0.0006114021,False
2023-05-25,-0.14458676,0.033221968,-0.17780873,0.17780873,0.0002645105,False
2023-05-26,0.01550347,0.033356104,-0.017852634,0.017852634,0.00013413653,False
2023-05-30,-1.1222026,0.0345262,-1.1567289,1.1567289,0.001170095,False
2023-05-31,-0.73186004,0.037785064,-0.7696451,0.7696451,0.0032588653,False
2023-06-01,0.8757581,0.04102353,0.83473456,0.83473456,0.0032384656,False
2023-06-02,1.3049086,0.038180478,1.2667282,1.2667282,0.0028430521,False
2023-06-05,0.0016603268,0.03390751,-0.032247182,0.032247182,0.0042729676,False
2023-06-06,-0.61086243,0.03111859,-0.641981,0.641981,0.00278892,False
2023-06-07,0.9854454,0.030865634,0.9545798,0.9545798,0.00025295652,False
2023-06-08,1.4534425,0.030958898,1.4224836,1.4224836,9.3264505e-05,False
2023-06-09,-0.20035817,0.032628722,-0.2329869,0.2329869,0.0016698241,False
2023-06-12,0.23538963,0.03352205,0.20186758,0.20186758,0.00089332834,False
2023-06-13,-0.38120097,0.03632423,-0.4175252,0.4175252,0.0028021783,False
2023-06-14,0.61886424,0.0405903,0.57827395,0.57827395,0.004266072,False
2023-06-15,0.11480595,0.044547185,0.07025877,0.07025877,0.003956884,False
2023-06-16,0.9321149,0.048555925,0.883559,0.883559,0.00400874,False
2023-06-20,0.693249,0.051172428,0.64207655,0.64207655,0.0026165023,False
2023-06-21,0.08194255,0.05542642,0.026516132,0.026516132,0.004253991,False
2023-06-22,1.2178137,0.060258716,1.157555,1.157555,0.0048322976,False
2023-06-23,-0.36716196,0.06272793,-0.4298899,0.4298899,0.0024692118,False
2023-06-26,-0.47351077,0.06516586,-0.5386766,0.5386766,0.0024379343,False
2023-06-27,-0.52452815,0.06804741,-0.59257555,0.59257555,0.0028815493,False
2023-06-28,0.37107983,0.07000421,0.30107564,0.30107564,0.0019567981,False
2023-06-29,-0.7658809,0.07168281,-0.8375637,0.8375637,0.0016786009,False
2023-06-30,-0.44868383,0.07498045,-0.5236643,0.5236643,0.0032976419,False
2023-07-03,1.1455855,0.0805138,1.0650717,1.0650717,0.005533345,False
2023-07-05,-0.03540767,0.08113469,-0.11654236,0.11654236,0.00062089413,False
2023-07-06,0.44735447,0.07971817,0.3676363,0.3676363,0.0014165193,False
2023-07-07,1.2269005,0.079436325,1.1474642,1.1474642,0.000281848,False
2023-07-10,0.11706778,0.07961254,0.03745524,0.03745524,0.00017621368,False
2023-07-11,-0.19683184,0.079720415,-0.27655226,0.27655226,0.00010787696,False
2023-07-12,-0.7922511,0.08369031,-0.8759414,0.8759414,0.003969893,False
2023-07-13,-0.28651005,0.09296419,-0.37947422,0.37947422,0.009273879,False
2023-07-14,0.24050261,0.09385937,0.14664325,0.14664325,0.0008951798,False
2023-07-17,0.6742211,0.09554319,0.5786779,0.5786779,0.0016838238,False
2023-07-18,0.7411234,0.09498045,0.64614296,0.64614296,0.00056274235,False
2023-07-19,0.8470153,0.08774465,0.75927067,0.75927067,0.0072357953,False
2023-07-20,-0.102440715,0.084271714,-0.18671243,0.18671243,0.0034729391,False
2023-07-21,0.38553825,0.08077223,0.30476603,0.30476603,0.0034994856,False
2023-07-24,0.7117275,0.0798269,0.6319006,0.6319006,0.00094532967,False
2023-07-25,0.23579103,0.078153305,0.15763772,0.15763772,0.0016735941,False
2023-07-26,-0.67568964,0.080031164,-0.7557208,0.7557208,0.0018778592,False
2023-07-27,0.032409452,0.08238205,-0.0499726,0.0499726,0.0023508891,False
2023-07-28,0.40341538,0.081252374,0.32216302,0.32216302,0.0011296794,False
2023-07-31,0.28146735,0.08270173,0.19876562,0.19876562,0.001449354,False
2023-08-01,-0.015543889,0.08318191,-0.098725796,0.098725796,0.00048018247,False
2023-08-02,-0.6424666,0.07954544,-0.72201204,0.72201204,0.003636472,False
2023-08-03,0.98778427,0.0852287,0.9025556,0.9025556,0.005683258,False
2023-08-04,0.1468713,0.08133977,0.06553153,0.06553153,0.0038889274,False
2023-08-07,-0.26650876,0.08142457,-0.34793332,0.34793332,8.480251e-05,False
2023-08-08,-1.3839542,0.0831335,-1.4670876,1.4670876,0.0017089248,False
2023-08-09,-0.25479737,0.09609396,-0.35089132,0.35089132,0.012960464,False
2023-08-10,-0.5300074,0.10061224,-0.63061965,0.63061965,0.004518278,False
2023-08-11,0.90240926,0.10645708,0.7959522,0.7959522,0.005844839,False
2023-08-14,-0.4218283,0.10398125,-0.5258095,0.5258095,0.002475828,False
2023-08-15,-0.70387304,0.103047155,-0.8069202,0.8069202,0.0009340942,False
2023-08-16,0.025071394,0.10169466,-0.07662326,0.07662326,0.0013524964,False
2023-08-17,-0.10696924,0.10029175,-0.207261,0.207261,0.0014029071,False
2023-08-18,0.57504755,0.0960855,0.47896206,0.47896206,0.0042062476,False
2023-08-21,-1.1550909,0.093475506,-1.2485664,1.2485664,0.002609998,False
2023-08-22,-0.75553954,0.096158616,-0.85169816,0.85169816,0.0026831105,False
2023-08-23,-0.7712913,0.09614905,-0.86744034,0.86744034,9.5665455e-06,False
2023-08-24,-0.014870683,0.09345013,-0.10832081,0.10832081,0.0026989207,False
2023-08-25,0.68791884,0.08874489,0.59917396,0.59917396,0.0047052354,False
2023-08-28,-0.27774668,0.084047616,-0.3617943,0.3617943,0.004697278,False
2023-08-29,1.104488,0.07949941,1.0249887,1.0249887,0.004548207,False
2023-08-30,-1.3457974,0.07505278,-1.4208502,1.4208502,0.0044466257,False
2023-08-31,0.6717966,0.07062322,0.6011734,0.6011734,0.004429564,False
2023-09-01,0.626462,0.0667404,0.5597216,0.5597216,0.003882818,False
2023-09-05,1.4508307,0.06227711,1.3885536,1.3885536,0.0044632927,False
2023-09-06,0.38331822,0.05864778,0.32467043,0.32467043,0.0036293268,False
2023-09-07,-0.15969366,0.059305675,-0.21899933,0.21899933,0.0006578937,False
2023-09-08,0.17991292,0.060614742,0.11929818,0.11929818,0.001309067,False
2023-09-11,-0.41941777,0.06275928,-0.48217705,0.48217705,0.0021445379,False
2023-09-12,-0.69715995,0.06594898,-0.7631089,0.7631089,0.0031896979,False
2023-09-13,-0.32112658,0.06919064,-0.3903172,0.3903172,0.0032416582,False
2023-09-14,0.14266227,0.07176474,0.070897534,0.070897534,0.002574101,False
2023-09-15,0.67234534,0.07287015,0.5994752,0.5994752,0.0011054128,False
2023-09-18,-0.56958854,0.07331966,-0.6429082,0.6429082,0.00044950843,False
2023-09-19,0.12416323,0.075200535,0.048962697,0.048962697,0.0018808767,False
2023-09-20,0.8429919,0.07577931,0.76721257,0.76721257,0.000578776,False
2023-09-21,-1.2159613,0.074465476,-1.2904269,1.2904269,0.0013138354,False
2023-09-22,0.07212877,0.07828329,-0.006154515,0.006154515,0.0038178116,False
2023-09-25,-0.21510106,0.081253186,-0.29635423,0.29635423,0.0029698983,False
2023-09-26,-0.9394795,0.0836682,-1.0231477,1.0231477,0.0024150163,False
2023-09-27,-1.6400934,0.090248056,-1.7303416,1.7303416,0.0065798536,False
2023-09-28,-0.22955985,0.101301946,-0.3308618,0.3308618,0.01105389,False
2023-09-29,0.4023065,0.10366553,0.29864097,0.29864097,0.002363585,False
2023-10-02,-1.4734534,0.10226401,-1.5757174,1.5757174,0.0014015213,False
2023-10-03,0.022931406,0.09567691,-0.0727455,0.0727455,0.006587103,False
2023-10-04,0.5893174,0.0889987,0.5003187,0.5003187,0.0066782087,False
2023-10-05,-0.27095821,0.085013665,-0.35597187,0.35597187,0.0039850324,False
2023-10-06,0.007936755,0.079382725,-0.07144597,0.07144597,0.00563094,False
2023-10-10,-1.3744072,0.07318907,-1.4475962,1.4475962,0.0061936527,False
2023-10-11,0.8109755,0.06337644,0.74759907,0.74759907,0.009812631,False
2023-10-12,-0.13040301,0.057810366,-0.18821338,0.18821338,0.0055660754,False
2023-10-13,1.1814893,0.05248054,1.1290088,1.1290088,0.005329825,False
2023-10-16,0.5207991,0.048862234,0.47193688,0.47193688,0.0036183074,False
2023-10-17,0.4293008,0.045171916,0.3841289,0.3841289,0.0036903173,False
2023-10-18,-0.62464345,0.043877102,-0.66852057,0.66852057,0.001294814,False
2023-10-19,-0.5018859,0.03796587,-0.5398518,0.5398518,0.005911231,False
2023-10-20,1.0594369,0.031971544,1.0274653,1.0274653,0.0059943274,False
2023-10-23,-0.009824505,0.028321993,-0.038146496,0.038146496,0.0036495514,False
2023-10-24,-1.339982,0.023647469,-1.3636295,1.3636295,0.004674524,False
2023-10-25,-0.84828484,0.021496465,-0.8697813,0.8697813,0.002151003,False
2023-10-26,-1.2585284,0.024818633,-1.283347,1.283347,0.0033221673,False
2023-10-27,-0.16855699,0.02571043,-0.19426742,0.19426742,0.00089179724,False
2023-10-30,0.72657925,0.021591648,0.7049876,0.7049876,0.0041187815,False
2023-10-31,-1.4339628,0.016272843,-1.4502356,1.4502356,0.0053188056,False
2023-11-01,-1.183252,0.01634503,-1.199597,1.199597,7.218681e-05,False
2023-11-02,-0.48002803,0.017058903,-0.49708694,0.49708694,0.00071387365,False
2023-11-03,1.2010022,0.018154468,1.1828477,1.1828477,0.001095565,False
2023-11-06,0.64749575,0.014111675,0.63338405,0.63338405,0.004042793,False
2023-11-07,1.0505999,0.009816745,1.0407832,1.0407832,0.00429493,False
2023-11-08,1.8858557,0.007762988,1.8780926,1.8780926,0.0020537572,False
2023-11-09,0.939373,0.0064473078,0.9329257,0.9329257,0.0013156803,False
2023-11-10,0.17529924,0.0057514906,0.16954775,0.16954775,0.0006958172,False
2023-11-13,0.2840119,0.0059668077,0.2780451,0.2780451,0.00021531712,False
2023-11-14,0.10049156,0.0070599914,0.09343157,0.09343157,0.0010931836,False
2023-11-15,-0.80838394,0.008853435,-0.8172374,0.8172374,0.0017934432,False
2023-11-16,1.5616441,0.009941997,1.551702,1.551702,0.0010885624,False
2023-11-17,-0.08358389,0.015445661,-0.099029556,0.099029556,0.005503664,False
2023-11-20,1.9075018,0.017974943,1.8895268,1.8895268,0.0025292821,False
2023-11-21,0.15970121,0.02345991,0.1362413,0.1362413,0.0054849666,False
2023-11-22,0.11904274,0.02955838,0.089484364,0.089484364,0.0060984697,False
2023-11-24,0.12820491,0.036440987,0.09176393,0.09176393,0.006882608,False
2023-11-27,0.7390278,0.04543589,0.6935919,0.6935919,0.008994903,False
2023-11-28,-0.20209311,0.053638443,-0.25573155,0.25573155,0.008202553,False
2023-11-29,0.4061129,0.06008882,0.3460241,0.3460241,0.0064503774,False
2023-11-30,0.05968737,0.0656341,-0.005946733,0.005946733,0.005545281,False
2023-12-01,-0.19541575,0.06844336,-0.2638591,0.2638591,0.0028092563,False
2023-12-04,0.09801185,0.070360556,0.027651295,0.027651295,0.0019171983,False
2023-12-05,-0.09462486,0.07043452,-0.16505939,0.16505939,7.396191e-05,False
2023-12-06,0.3784073,0.07147069,0.30693662,0.30693662,0.0010361746,False
2023-12-07,0.5873742,0.07161333,0.5157609,0.5157609,0.00014263391,False
2023-12-08,-0.54085094,0.070276394,-0.6111273,0.6111273,0.0013369322,False
2023-12-11,-0.05688697,0.072225794,-0.12911277,0.12911277,0.0019493997,False
2023-12-12,-0.3906203,0.07175649,-0.46237677,0.46237677,0.00046930462,False
2023-12-13,0.7968189,0.07227534,0.7245436,0.7245436,0.000518851,False
2023-12-14,0.40954977,0.07304651,0.33650327,0.33650327,0.00077117234,False
2023-12-15,0.39244944,0.06959273,0.32285672,0.32285672,0.0034537837,False
2023-12-18,0.45993575,0.06957968,0.39035606,0.39035606,1.3045967e-05,False
2023-12-19,1.3650676,0.06642308,1.2986445,1.2986445,0.0031566024,False
2023-12-20,0.26470625,0.065359965,0.19934629,0.19934629,0.0010631159,False
2023-12-21,-0.0076249493,0.06605699,-0.073681936,0.073681936,0.00069702417,False
2023-12-22,0.45283443,0.06526649,0.38756794,0.38756794,0.00079049915,False
2023-12-26,0.5866408,0.06653756,0.5201032,0.5201032,0.001271069,False
2023-12-27,-1.4684267,0.0669522,-1.5353789,1.5353789,0.0004146397,False
2023-12-28,1.0301468,0.07415501,0.9559918,0.9559918,0.0072028115,False
2023-12-29,0.16600585,0.07751613,0.08848972,0.08848972,0.0033611208,False
2024-01-02,0.42316896,0.075535595,0.34763336,0.34763336,0.0019805357,False
2024-01-03,0.14304577,0.07443751,0.06860826,0.06860826,0.0010980889,False
2024-01-04,0.03701746,0.07040811,-0.033390652,0.033390652,0.004029393,False
2024-01-05,-0.2826475,0.06867929,-0.35132676,0.35132676,0.0017288253,False
2024-01-08,-0.5660579,0.06755305,-0.63361096,0.63361096,0.0011262372,False
2024-01-09,-0.8016315,0.07143799,-0.8730695,0.8730695,0.0038849413,False
2024-01-10,-0.34283814,0.07877398,-0.4216121,0.4216121,0.0073359907,False
2024-01-11,0.18256862,0.0831142,0.099454425,0.099454425,0.0043402165,False
2024-01-12,1.4114629,0.080581255,1.3308816,1.3308816,0.002532944,False
2024-01-16,-0.14779007,0.07773273,-0.2255228,0.2255228,0.0028485283,False
2024-01-17,0.56659716,0.07422404,0.4923731,0.4923731,0.003508687,False
2024-01-18,-0.06710556,0.071970314,-0.13907588,0.13907588,0.0022537261,False
2024-01-19,0.07509756,0.06917194,0.005925618,0.005925618,0.002798371,False
2024-01-22,-0.37313402,0.069121614,-0.44225562,0.44225562,5.0328672e-05,False
2024-01-23,-0.56168973,0.07625888,-0.63794863,0.63794863,0.007137269,False
2024-01-24,0.8805261,0.085885204,0.7946409,0.7946409,0.0096263215,False
2024-01-25,1.2313503,0.08646565,1.1448847,1.1448847,0.00058044493,False
2024-01-26,0.21943252,0.081881724,0.1375508,0.1375508,0.004583925,False
2024-01-29,0.2921374,0.07904478,0.21309263,0.21309263,0.0028369427,False
2024-01-30,0.08119284,0.07382173,0.0073711127,0.0073711127,0.0052230507,False
2024-01-31,0.52603656,0.074582554,0.451454,0.451454,0.0007608235,False
2024-02-01,-0.06517853,0.07653974,-0.14171827,0.14171827,0.0019571856,False
2024-02-02,0.75567746,0.07633029,0.67934716,0.67934716,0.00020945072,False
2024-02-05,-0.060064994,0.078367345,-0.13843234,0.13843234,0.0020370558,False
2024-02-06,-1.6105745,0.07753714,-1.6881117,1.6881117,0.0008302033,False
2024-02-07,1.2493688,0.08361901,1.1657498,1.1657498,0.0060818717,False
2024-02-08,1.0684446,0.08336225,0.9850824,0.9850824,0.0002567619,False
2024-02-09,-0.31863376,0.08347421,-0.40210798,0.40210798,0.000111959875,False
2024-02-12,0.23104109,0.08246227,0.14857882,0.14857882,0.0010119379,False
2024-02-13,0.8241458,0.07829608,0.7458497,0.7458497,0.0041661933,False
2024-02-14,0.057058327,0.074875034,-0.017816707,0.017816707,0.0034210458,False
2024-02-15,0.5742341,0.07282227,0.50141186,0.50141186,0.0020527616,False
2024-02-16,-0.09489536,0.07246425,-0.16735962,0.16735962,0.00035802275,False
2024-02-20,-1.3674256,0.078360446,-1.445786,1.445786,0.005896196,False
2024-02-21,0.95797634,0.092744,0.86523235,0.86523235,0.014383554,False
2024-02-22,0.58212507,0.09139822,0.49072686,0.49072686,0.0013457835,False
2024-02-23,-0.48034698,0.08877361,-0.5691206,0.5691206,0.0026246086,False
2024-02-26,-0.6005322,0.0886389,-0.6891711,0.6891711,0.0001347065,False
2024-02-27,0.12641999,0.09488033,0.031539664,0.031539664,0.006241426,False
2024-02-28,2.1122885,0.096922174,2.0153663,2.0153663,0.0020418465,False
2024-02-29,0.034794755,0.09391175,-0.059116997,0.059116997,0.003010422,False
2024-03-01,-0.37867513,0.088159576,-0.46683472,0.46683472,0.005752176,False
2024-03-04,0.17063497,0.08506271,0.08557226,0.08557226,0.0030968636,False
2024-03-05,-0.1658155,0.08160005,-0.24741554,0.24741554,0.0034626648,False
2024-03-06,0.52290946,0.08210447,0.440805,0.440805,0.0005044192,False
2024-03-07,0.8007829,0.0798708,0.7209121,0.7209121,0.0022336692,False
2024-03-08,-0.119326204,0.07724448,-0.1965707,0.1965707,0.0026263148,False
2024-03-11,-1.0193101,0.07811058,-1.0974207,1.0974207,0.0008661002,False
2024-03-12,0.5141103,0.08406727,0.43004304,0.43004304,0.005956687,False
2024-03-13,1.0304128,0.086995915,0.9434169,0.9434169,0.0029286444,False
2024-03-14,-0.6528519,0.08813566,-0.74098754,0.74098754,0.0011397451,False
2024-03-15,-0.11222381,0.09018718,-0.202411,0.202411,0.0020515174,False
2024-03-18,1.1201788,0.093386434,1.0267924,1.0267924,0.003199257,False
2024-03-19,-0.19245297,0.08822558,-0.28067854,0.28067854,0.0051608533,False
2024-03-20,-0.28710917,0.085350536,-0.3724597,0.3724597,0.002875045,False
2024-03-21,-0.64829177,0.08731253,-0.7356043,0.7356043,0.0019619912,False
2024-03-22,0.63180596,0.08812908,0.54367685,0.54367685,0.00081655383,False
2024-03-25,0.56491494,0.08819274,0.4767222,0.4767222,6.365776e-05,False
2024-03-26,0.8904174,0.085595146,0.80482227,0.80482227,0.0025975928,False
2024-03-27,0.32365355,0.07996733,0.24368623,0.24368623,0.0056278184,False
2024-03-28,-0.14021878,0.07652709,-0.21674587,0.21674587,0.0034402385,False
2024-04-01,-0.30549645,0.07538724,-0.3808837,0.3808837,0.0011398494,False
2024-04-02,-0.27997953,0.07539346,-0.355373,0.355373,6.221235e-06,False
2024-04-03,0.8630627,0.07563241,0.7874303,0.7874303,0.00023894757,False
2024-04-04,0.11164855,0.07315879,0.03848976,0.03848976,0.002473615,False
2024-04-05,-0.20135845,0.07327498,-0.27463344,0.27463344,0.000116184354,False
2024-04-08,-0.7239059,0.077083044,-0.800989,0.800989,0.0038080662,False
2024-04-09,0.10911223,0.08470679,0.024405442,0.024405442,0.007623747,False
2024-04-10,-1.2334336,0.08687087,-1.3203045,1.3203045,0.0021640807,False
2024-04-11,1.1099194,0.09864112,1.0112783,1.0112783,0.011770248,False
2024-04-12,-0.0374631,0.10160687,-0.13906997,0.13906997,0.0029657483,False
2024-04-15,0.14454933,0.09966368,0.044885643,0.044885643,0.0019431859,False
2024-04-16,-0.9456981,0.09775266,-1.0434507,1.0434507,0.0019110218,False
2024-04-17,0.7444798,0.09980656,0.6446732,0.6446732,0.0020539016,False
2024-04-18,-1.4550688,0.09688642,-1.5519552,1.5519552,0.0029201433,False
2024-04-19,-1.2021354,0.10286181,-1.3049972,1.3049972,0.005975388,False
2024-04-22,-0.2056507,0.09776827,-0.30341896,0.30341896,0.0050935373,False
2024-04-23,-0.57806027,0.090325326,-0.6683856,0.6683856,0.0074429438,False
2024-04-24,-0.22081602,0.083702005,-0.304518,0.304518,0.0066233203,False
2024-04-25,-0.8758548,0.07708109,-0.9529359,0.9529359,0.0066209137,False
2024-04-26,0.8731248,0.06842004,0.8047047,0.8047047,0.008661054,False
2024-04-29,1.1964576,0.0658228,1.1306348,1.1306348,0.0025972351,False
2024-04-30,0.021301007,0.06410545,-0.042804442,0.042804442,0.0017173514,False
2024-05-01,-0.45764303,0.05858597,-0.51622903,0.51622903,0.0055194795,False
2024-05-02,1.0209143,0.05444864,0.96646565,0.96646565,0.0041373298,False
2024-05-03,0.31784487,0.050249137,0.26759574,0.26759574,0.004199505,False
2024-05-06,-1.5730513,0.047535427,-1.6205868,1.6205868,0.00271371,False
2024-05-07,-0.3435439,0.044534035,-0.3880779,0.3880779,0.003001392,False
2024-05-08,0.9128437,0.043388497,0.8694552,0.8694552,0.001145538,False
2024-05-09,1.255674,0.046223693,1.2094504,1.2094504,0.0028351955,False
2024-05-10,1.0326124,0.049273532,0.9833389,0.9833389,0.0030498393,False
2024-05-13,0.13434298,0.050915528,0.08342746,0.08342746,0.0016419962,False
2024-05-14,-0.00058356184,0.05272159,-0.053305153,0.053305153,0.0018060617,False
2024-05-15,0.5090948,0.055661954,0.45343283,0.45343283,0.0029403642,False
2024-05-16,0.16493988,0.05771742,0.10722246,0.10722246,0.0020554662,False
2024-05-17,-0.024130406,0.061312906,-0.08544331,0.08544331,0.0035954863,False
2024-05-20,0.4837813,0.06810652,0.4156748,0.4156748,0.0067936108,False
2024-05-21,1.1715928,0.07214714,1.0994457,1.0994457,0.004040621,False
2024-05-22,-0.20816678,0.07099364,-0.2791604,0.2791604,0.0011534989,False
2024-05-23,0.11647735,0.06989861,0.046578735,0.046578735,0.0010950267,False
2024-05-24,0.091639,0.06652736,0.025111638,0.025111638,0.0033712536,False
2024-05-28,0.25018743,0.06528511,0.18490231,0.18490231,0.0012422502,False
2024-05-29,-0.2706123,0.06319755,-0.33380985,0.33380985,0.0020875558,False
2024-05-30,-0.73807895,0.0640241,-0.80210304,0.80210304,0.00082654506,False
2024-05-31,0.70010424,0.06688147,0.63322276,0.63322276,0.0028573722,False
2024-06-03,0.024880186,0.06402008,-0.039139897,0.039139897,0.002861388,False
2024-06-04,-0.73670465,0.06810094,-0.8048056,0.8048056,0.0040808544,False
2024-06-05,-0.59750354,0.078781664,-0.6762852,0.6762852,0.010680728,False
2024-06-06,0.8027876,0.08537574,0.7174119,0.7174119,0.0065940768,False
2024-06-07,0.11160826,0.07949525,0.03211301,0.03211301,0.00588049,False
2024-06-10,0.15028091,0.077946484,0.07233442,0.07233442,0.0015487671,False
2024-06-11,1.184765,0.07718868,1.1075763,1.1075763,0.000757806,False
2024-06-12,-0.019981664,0.07352964,-0.0935113,0.0935113,0.0036590397,False
2024-06-13,-0.111521974,0.07143345,-0.18295541,0.18295541,0.002096191,False
2024-06-14,0.25808546,0.068343975,0.18974149,0.18974149,0.0030894727,False
2024-06-17,0.27103814,0.06961132,0.20142683,0.20142683,0.0012673438,False
2024-06-18,0.8503673,0.070720784,0.7796465,0.7796465,0.001109466,False
2024-06-20,0.23446558,0.0668738,0.16759178,0.16759178,0.003846988,False
2024-06-21,-0.03938607,0.06457984,-0.10396591,0.10396591,0.0022939593,False
2024-06-24,0.76643866,0.06710553,0.69933313,0.69933313,0.0025256947,False
2024-06-25,0.25213274,0.06873107,0.18340167,0.18340167,0.0016255379,False
2024-06-26,-0.2525932,0.06711893,-0.3197121,0.3197121,0.0016121417,False
2024-06-27,-0.15621303,0.0722033,-0.22841632,0.22841632,0.005084373,False
2024-06-28,-0.30651718,0.07407511,-0.3805923,0.3805923,0.0018718094,False
2024-07-01,0.393359,0.076099694,0.3172593,0.3172593,0.0020245835,False
2024-07-02,0.15724312,0.07411524,0.08312788,0.08312788,0.0019844547,False
2024-07-03,0.09073212,0.07162861,0.019103512,0.019103512,0.0024866313,False
2024-07-05,-0.40836525,0.06872378,-0.47708905,0.47708905,0.002904825,False
2024-07-08,0.2675564,0.068310745,0.19924566,0.19924566,0.00041303784,False
2024-07-09,0.6195318,0.06675654,0.55277526,0.55277526,0.001554206,False
2024-07-10,0.5084444,0.06499586,0.44344857,0.44344857,0.0017606765,False
2024-07-11,0.5448765,0.06435425,0.48052227,0.48052227,0.0006416142,False
2024-07-12,0.1016699,0.06602177,0.03564813,0.03564813,0.0016675219,False
2024-07-15,0.07410719,0.06620929,0.007897906,0.007897906,0.00018751621,False
2024-07-16,1.0208066,0.06717804,0.95362854,0.95362854,0.0009687543,False
2024-07-17,-0.8763029,0.06964256,-0.94594544,0.94594544,0.002464518,False
2024-07-18,0.5517027,0.07121148,0.4804912,0.4804912,0.0015689209,False
2024-07-19,0.28262025,0.06938452,0.21323574,0.21323574,0.0018269569,False
2024-07-22,0.63893753,0.07250683,0.5664307,0.5664307,0.0031223074,False
2024-07-23,-1.3927543,0.07434129,-1.4670956,1.4670956,0.0018344596,False
2024-07-24,-0.7816404,0.08383013,-0.8654705,0.8654705,0.009488843,False
2024-07-25,-0.7140266,0.09687895,-0.8109055,0.8109055,0.01304882,False
2024-07-26,1.0792036,0.104977794,0.9742258,0.9742258,0.008098841,False
2024-07-29,-0.15581025,0.101098396,-0.25690866,0.25690866,0.003879398,False
2024-07-30,-2.3149095,0.0980514,-2.4129608,2.4129608,0.003046997,False
2024-07-31,-0.514262,0.108869284,-0.6231313,0.6231313,0.010817885,False
2024-08-01,1.1090468,0.10651807,1.0025288,1.0025288,0.002351217,False
2024-08-02,0.081331015,0.103214316,-0.021883301,0.021883301,0.0033037513,False
2024-08-05,-0.4960172,0.09956232,-0.5955795,0.5955795,0.003651999,False
2024-08-06,1.5793399,0.09575922,1.4835806,1.4835806,0.0038030967,False
2024-08-07,-1.3693503,0.09280208,-1.4621524,1.4621524,0.002957143,False
2024-08-08,-1.8381861,0.086897105,-1.9250833,1.9250833,0.0059049726,False
2024-08-09,-2.9968798,0.07796799,-3.0748477,3.0748477,0.0089291185,False
2024-08-12,1.0354086,0.059060395,0.9763482,0.9763482,0.018907592,False
2024-08-13,-0.7734648,0.056190223,-0.82965505,0.82965505,0.0028701723,False
2024-08-14,2.3042612,0.053460732,2.2508004,2.2508004,0.0027294904,False
2024-08-15,0.46716768,0.043411598,0.42375606,0.42375606,0.0100491345,False
2024-08-16,0.0043033976,0.032295015,-0.027991617,0.027991617,0.011116583,False
2024-08-19,1.684758,0.027835807,1.6569221,1.6569221,0.004459208,False
2024-08-20,0.38237286,0.022290096,0.36008275,0.36008275,0.005545711,False
2024-08-21,1.6133248,0.020536283,1.5927885,1.5927885,0.0017538127,False
2024-08-22,0.19897793,0.019721434,0.1792565,0.1792565,0.0008148495,False
2024-08-23,0.97222847,0.01994386,0.95228463,0.95228463,0.00022242591,False
2024-08-26,-0.19845554,0.019380366,-0.2178359,0.2178359,0.000563493,False
2024-08-27,0.4239677,0.016791409,0.4071763,0.4071763,0.0025889575,False
2024-08-28,-0.89328057,0.018008387,-0.911289,0.911289,0.0012169778,False
2024-08-29,1.1483371,0.017799007,1.1305381,1.1305381,0.00020937994,False
2024-08-30,-0.31537268,0.022582505,-0.33795518,0.33795518,0.004783498,False
2024-09-03,0.15951961,0.023166968,0.13635264,0.13635264,0.00058446266,False
2024-09-04,-0.5975973,0.026368821,-0.6239661,0.6239661,0.0032018535,False
2024-09-05,-0.0039379066,0.024653679,-0.028591584,0.028591584,0.0017151423,False
2024-09-06,1.0093051,0.031105332,0.9781998,0.9781998,0.0064516533,False
2024-09-09,-2.1151075,0.03709849,-2.152206,2.152206,0.0059931576,False
2024-09-10,-0.16025436,0.038350582,-0.19860494,0.19860494,0.0012520924,False
2024-09-11,-0.30180177,0.04293739,-0.34473917,0.34473917,0.0045868084,False
2024-09-12,-1.726025,0.041571204,-1.7675962,1.7675962,0.0013661869,False
2024-09-13,1.158007,0.04508836,1.1129186,1.1129186,0.0035171546,False
2024-09-16,0.44726726,0.039573498,0.40769377,0.40769377,0.00551486,False
2024-09-17,1.0665026,0.036561407,1.0299412,1.0299412,0.003012091,False
2024-09-18,0.74953026,0.034950614,0.71457964,0.71457964,0.0016107932,False
2024-09-19,0.5407711,0.033654697,0.50711644,0.50711644,0.0012959167,False
2024-09-20,0.12566298,0.032183625,0.09347936,0.09347936,0.0014710724,False
2024-09-23,0.026455007,0.028392084,-0.0019370764,0.0019370764,0.0037915409,False
2024-09-24,-0.28964558,0.025628185,-0.31527376,0.31527376,0.002763899,False
2024-09-25,1.6976854,0.025068212,1.6726172,1.6726172,0.0005599726,False
2024-09-26,-0.19410273,0.025929231,-0.22003196,0.22003196,0.0008610189,False
2024-09-27,0.2809273,0.02567201,0.25525528,0.25525528,0.00025722198,False
2024-09-30,0.2511179,0.024887834,0.22623006,0.22623006,0.00078417547,False
2024-10-01,-0.18612489,0.025300909,-0.2114258,0.2114258,0.0004130751,False
2024-10-02,0.40386757,0.024834376,0.3790332,0.3790332,0.000466533,False
2024-10-03,-0.1253217,0.026447406,-0.1517691,0.1517691,0.0016130302,False
2024-10-04,0.42365527,0.02505396,0.39860132,0.39860132,0.0013934467,False
2024-10-07,-0.9324107,0.026515221,-0.95892596,0.95892596,0.0014612619,False
2024-10-08,0.01383909,0.0336628,-0.01982371,0.01982371,0.0071475785,False
2024-10-09,-0.16814135,0.037149742,-0.20529109,0.20529109,0.0034869425,False
2024-10-10,0.8970249,0.04102751,0.85599744,0.85599744,0.0038777664,False
2024-10-11,-0.9586022,0.039682046,-0.9982842,0.9982842,0.0013454631,False
2024-10-15,0.9689348,0.04245863,0.9264761,0.9264761,0.0027765855,False
2024-10-16,0.7113412,0.03853192,0.6728093,0.6728093,0.0039267093,False
2024-10-17,-0.20701228,0.034202836,-0.24121511,0.24121511,0.0043290854,False
2024-10-18,0.60518473,0.031259835,0.5739249,0.5739249,0.0029430017,False
2024-10-21,-0.76094663,0.027901275,-0.7888479,0.7888479,0.0033585597,False
2024-10-22,0.46791458,0.026067669,0.4418469,0.4418469,0.0018336065,False
2024-10-23,-0.017116047,0.02250257,-0.03961862,0.03961862,0.003565099,False
2024-10-24,0.39715528,0.01993373,0.37722155,0.37722155,0.0025688391,False
2024-10-25,-0.18227695,0.017558489,-0.19983543,0.19983543,0.0023752414,False
2024-10-28,-0.04748539,0.015827032,-0.06331242,0.06331242,0.0017314572,False
2024-10-29,-0.91913235,0.014374904,-0.93350726,0.93350726,0.0014521275,False
2024-10-30,0.2145772,0.014154255,0.20042294,0.20042294,0.00022064894,False
2024-10-31,-0.029944718,0.013287301,-0.04323202,0.04323202,0.0008669542,False
2024-11-01,0.26514435,0.0151601825,0.24998416,0.24998416,0.0018728813,False
2024-11-04,0.16141273,0.014383399,0.14702933,0.14702933,0.00077678356,False
2024-11-05,-0.33002338,0.0128663,-0.34288967,0.34288967,0.0015170993,False
2024-11-06,-1.8614701,0.014891764,-1.8763618,1.8763618,0.0020254645,False
2024-11-07,0.40925094,0.022181692,0.38706926,0.38706926,0.0072899275,False
2024-11-08,-0.28120834,0.020963505,-0.30217183,0.30217183,0.0012181867,False
2024-11-12,1.2265644,0.020831464,1.205733,1.205733,0.00013204105,False
2024-11-13,2.5295928,0.017072301,2.5125206,2.5125206,0.0037591625,False
2024-11-14,0.743123,0.010778919,0.7323441,0.7323441,0.0062933825,False
2024-11-15,0.37568334,0.0063432036,0.36934012,0.36934012,0.0044357153,False
2024-11-18,-0.28926596,0.0049467357,-0.2942127,0.2942127,0.0013964679,False
2024-11-19,0.023222772,0.0061279936,0.01709478,0.01709478,0.0011812579,False
2024-11-20,-0.6049735,0.009534609,-0.6145081,0.6145081,0.003406615,False
2024-11-21,-1.320349,0.013361514,-1.3337104,1.3337104,0.003826905,False
2024-11-22,0.39178145,0.012779433,0.379002,0.379002,0.00058208033,False
2024-11-25,0.3963585,0.016426245,0.37993225,0.37993225,0.0036468115,False
2024-11-26,0.0021950863,0.017368408,-0.015173322,0.015173322,0.00094216317,False
2024-11-27,0.5340462,0.018406145,0.51564,0.51564,0.0010377374,False
2024-11-29,0.34679592,0.021630853,0.32516506,0.32516506,0.0032247081,False
2024-12-02,0.30204803,0.028246857,0.27380118,0.27380118,0.006616004,False
2024-12-03,0.57220054,0.033685442,0.5385151,0.5385151,0.005438585,False
2024-12-04,-0.3801238,0.039809678,-0.41993347,0.41993347,0.0061242357,False
2024-12-05,0.56077856,0.045843847,0.5149347,0.5149347,0.0060341693,False
2024-12-06,0.24484564,0.053760745,0.19108489,0.19108489,0.007916898,False
2024-12-09,0.04514491,0.061782606,-0.016637694,0.016637694,0.008021861,False
2024-12-10,0.6051418,0.06793158,0.5372102,0.5372102,0.0061489716,False
2024-12-11,-0.18697757,0.07267342,-0.25965098,0.25965098,0.00474184,False
2024-12-12,0.24954538,0.07554995,0.17399544,0.17399544,0.002876535,False
2024-12-13,-0.61442137,0.07324743,-0.6876688,0.6876688,0.00230252,False
2024-12-16,-0.29638833,0.079107694,-0.37549603,0.37549603,0.0058602616,False
2024-12-17,0.8165786,0.08175043,0.7348282,0.7348282,0.0026427358,False
2024-12-18,-0.5414023,0.08048536,-0.6218876,0.6218876,0.0012650713,False
2024-12-19,-0.002646664,0.08154222,-0.084188886,0.084188886,0.0010568649,False
2024-12-20,0.37993544,0.081588,0.29834744,0.29834744,4.5776367e-05,False
2024-12-23,-0.3863995,0.0865694,-0.4729689,0.4729689,0.0049813986,False
2024-12-24,-2.9492846,0.09411509,-3.0433996,3.0433996,0.0075456947,False
2024-12-26,-0.08651123,0.08755745,-0.17406869,0.17406869,0.0065576434,False
2024-12-27,1.0869124,0.074615896,1.0122964,1.0122964,0.012941554,False
2024-12-30,0.72872734,0.07116161,0.6575657,0.6575657,0.0034542829,False
2024-12-31,1.104276,0.07317994,1.031096,1.031096,0.002018325,False
2025-01-02,-0.04056588,0.080563486,-0.121129364,0.121129364,0.0073835477,False
2025-01-03,-1.1055737,0.07740467,-1.1829783,1.1829783,0.0031588152,False
2025-01-06,-1.0701996,0.07058998,-1.1407896,1.1407896,0.0068146884,False
2025-01-07,-0.42848003,0.06106706,-0.48954707,0.48954707,0.009522922,False
2025-01-08,-0.22238867,0.057590246,-0.27997893,0.27997893,0.0034768134,False
2025-01-10,1.2596027,0.05237619,1.2072265,1.2072265,0.005214058,False
2025-01-13,0.5538045,0.05556617,0.49823835,0.49823835,0.003189981,False
2025-01-14,-1.1103913,0.052881673,-1.163273,1.163273,0.0026844963,False
2025-01-15,0.15603602,0.041998036,0.11403798,0.11403798,0.010883637,False
2025-01-16,-1.5411644,0.038987648,-1.580152,1.580152,0.0030103885,False
2025-01-17,0.1575444,0.035186797,0.12235761,0.12235761,0.0038008504,False
2025-01-21,0.11462798,0.031493813,0.08313417,0.08313417,0.0036929846,False
2025-01-22,1.8312793,0.027877072,1.8034022,1.8034022,0.003616741,False
2025-01-23,-0.21126895,0.02708696,-0.2383559,0.2383559,0.0007901117,False
2025-01-24,0.9991059,0.023607837,0.975498,0.975498,0.003479123,False
2025-01-27,0.8768227,0.024504293,0.8523184,0.8523184,0.0008964557,False
2025-01-28,0.61379415,0.029906055,0.5838881,0.5838881,0.005401762,False
2025-01-29,0.53134865,0.035212032,0.4961366,0.4961366,0.0053059775,False
2025-01-30,-0.28551322,0.03829375,-0.32380697,0.32380697,0.0030817166,False
2025-01-31,-1.4580716,0.0403522,-1.4984238,1.4984238,0.0020584501,False
2025-02-03,0.92178696,0.03405814,0.8877288,0.8877288,0.0062940605,False
2025-02-04,-0.46788958,0.03494756,-0.5028371,0.5028371,0.0008894205,False
2025-02-05,0.52754146,0.03504079,0.49250066,0.49250066,9.3229115e-05,False
2025-02-06,-0.5046826,0.037742376,-0.542425,0.542425,0.002701588,False
2025-02-07,-0.7608598,0.038215734,-0.79907554,0.79907554,0.00047335774,False
2025-02-10,0.72248816,0.037802942,0.68468523,0.68468523,0.00041279197,False
2025-02-11,0.3908673,0.03855577,0.35231152,0.35231152,0.000752829,False
2025-02-12,0.36442986,0.040944517,0.32348534,0.32348534,0.0023887455,False
2025-02-13,-0.946477,0.04366541,-0.9901424,0.9901424,0.0027208924,False
2025-02-14,0.6712541,0.045364022,0.6258901,0.6258901,0.0016986132,False
2025-02-18,0.03395828,0.05196155,-0.01800327,0.01800327,0.0065975264,False
2025-02-19,-0.27238667,0.05668395,-0.32907063,0.32907063,0.0047224015,False
2025-02-20,1.0426292,0.060464792,0.98216444,0.98216444,0.0037808418,False
2025-02-21,-0.0071943807,0.061366685,-0.06856106,0.06856106,0.0009018928,False
2025-02-24,0.24449877,0.06247689,0.18202189,0.18202189,0.0011102036,False
2025-02-25,0.23769695,0.062986284,0.17471066,0.17471066,0.0005093962,False
2025-02-26,-0.4334185,0.06296642,-0.49638492,0.49638492,1.9863248e-05,False
2025-02-27,-1.7064127,0.06308214,-1.7694948,1.7694948,0.00011572242,False
2025-02-28,-0.49691066,0.060190506,-0.5571012,0.5571012,0.0028916374,False
2025-03-03,-0.46797308,0.05459465,-0.52256775,0.52256775,0.0055958554,False
2025-03-04,0.013602428,0.050855923,-0.037253495,0.037253495,0.0037387274,False
2025-03-05,-1.5864553,0.046231337,-1.6326867,1.6326867,0.0046245866,False
2025-03-06,1.5854144,0.04272449,1.5426899,1.5426899,0.0035068467,False
2025-03-07,-1.759674,0.03706618,-1.7967402,1.7967402,0.00565831,False
2025-03-10,-1.2234826,0.038543932,-1.2620265,1.2620265,0.0014777519,False
2025-03-11,1.1159278,0.03881331,1.0771145,1.0771145,0.00026937947,False
2025-03-12,-1.7819008,0.03367119,-1.8155719,1.8155719,0.0051421225,False
2025-03-13,0.5520618,0.036733005,0.51532876,0.51532876,0.003061816,False
2025-03-14,-2.697309,0.032853,-2.730162,2.730162,0.0038800053,False
2025-03-17,-0.7567865,0.041213397,-0.7979999,0.7979999,0.008360397,False
2025-03-18,0.48868698,0.041332252,0.44735473,0.44735473,0.00011885539,False
2025-03-19,-1.3890984,0.03454262,-1.423641,1.423641,0.006789632,False
2025-03-20,2.126587,0.032735992,2.0938509,2.0938509,0.001806628,False
2025-03-21,0.64161307,0.025127675,0.6164854,0.6164854,0.007608317,False
2025-03-24,-1.0653512,0.019413706,-1.084765,1.084765,0.0057139695,False
2025-03-25,1.0798496,0.019465385,1.0603843,1.0603843,5.167909e-05,False
2025-03-26,-0.21848932,0.015256574,-0.23374589,0.23374589,0.0042088106,False
2025-03-27,0.08246534,0.013175484,0.06928986,0.06928986,0.0020810906,False
2025-03-28,1.7646,0.011223911,1.7533761,1.7533761,0.0019515725,False
2025-03-31,0.15743335,0.008230195,0.14920315,0.14920315,0.002993716,False
2025-04-01,-1.1156934,0.0060814684,-1.1217749,1.1217749,0.002148727,False
2025-04-02,-0.33069807,0.006241125,-0.3369392,0.3369392,0.00015965663,False
2025-04-03,-1.9737221,0.0073078647,-1.98103,1.98103,0.0010667397,False
2025-04-04,0.55385214,0.015023058,0.5388291,0.5388291,0.0077151936,False
2025-04-07,0.37812355,0.019369634,0.35875392,0.35875392,0.0043465756,False
2025-04-08,0.6728195,0.019750258,0.65306926,0.65306926,0.0003806241,False
2025-04-09,-4.8395634,0.01927285,-4.858836,4.858836,0.00047740713,False
2025-04-10,-5.9749603,0.03891468,-6.013875,6.013875,0.01964183,False
2025-04-11,-0.23314725,0.047211632,-0.28035888,0.28035888,0.008296952,False
2025-04-14,-1.5700525,0.118066035,-1.6881186,1.6881186,0.0708544,False
2025-04-15,9.515388,0.18210231,9.333285,9.333285,0.06403627,False
2025-04-16,-3.460758,0.17468737,-3.6354454,3.6354454,0.007414937,False
2025-04-17,1.8092095,0.16197605,1.6472334,1.6472334,0.012711316,False
2025-04-21,0.79447126,0.14906785,0.6454034,0.6454034,0.012908205,False
2025-04-22,-0.17277808,0.12106512,-0.2938432,0.2938432,0.028002732,False
2025-04-23,-2.240837,0.08743419,-2.3282714,2.3282714,0.03363093,False
2025-04-24,0.13268381,0.08431831,0.048365504,0.048365504,0.0031158775,False
2025-04-25,-2.3567493,0.056143768,-2.412893,2.412893,0.028174542,False
2025-04-28,2.5117204,0.071129665,2.4405909,2.4405909,0.014985897,False
2025-04-29,1.6661139,0.051608536,1.6145053,1.6145053,0.019521128,False
2025-04-30,2.0259113,0.026113555,1.9997978,1.9997978,0.025494982,False
2025-05-01,0.73731333,0.0009324495,0.7363809,0.7363809,0.025181105,False
2025-05-02,0.06407067,-0.018911937,0.08298261,0.08298261,0.019844387,False
2025-05-05,0.5802411,-0.022795958,0.60303706,0.60303706,0.0038840212,False
2025-05-06,0.14799914,-0.029338354,0.1773375,0.1773375,0.006542396,False
2025-05-07,0.62991023,-0.027833128,0.65774333,0.65774333,0.0015052259,False
2025-05-08,1.4726574,-0.024640406,1.4972979,1.4972979,0.0031927228,False
2025-05-09,-0.63815975,-0.01838406,-0.6197757,0.6197757,0.0062563457,False
2025-05-12,-0.76932395,0.0022707693,-0.7715947,0.7715947,0.02065483,False
2025-05-13,0.4346356,0.02395747,0.41067815,0.41067815,0.021686701,False
2025-05-14,0.5799775,0.034400593,0.54557693,0.54557693,0.010443123,False
2025-05-15,-0.07114809,0.03096455,-0.102112636,0.102112636,0.0034360439,False
2025-05-16,3.2558782,0.027583133,3.228295,3.228295,0.0033814162,False
2025-05-19,0.7248201,0.019425862,0.7053942,0.7053942,0.008157272,False
2025-05-20,0.10244156,0.014988441,0.08745311,0.08745311,0.0044374205,False
2025-05-21,0.41323322,0.01281135,0.40042186,0.40042186,0.0021770913,False
2025-05-22,0.70052725,0.009938194,0.6905891,0.6905891,0.0028731553,False
2025-05-23,0.08761131,0.0077166045,0.07989471,0.07989471,0.00222159,False
2025-05-27,-0.38802296,0.006011734,-0.39403468,0.39403468,0.0017048707,False
2025-05-28,-1.6135131,0.0052124877,-1.6187257,1.6187257,0.00079924613,False
2025-05-29,-0.044487104,0.009500985,-0.053988088,0.053988088,0.0042884974,False
2025-05-30,-0.6708298,0.010099451,-0.68092924,0.68092924,0.000598466,False
2025-06-02,2.0459056,0.01502704,2.0308785,2.0308785,0.0049275886,False
2025-06-03,-0.5571225,0.009762294,-0.5668848,0.5668848,0.005264746,False
2025-06-04,0.40111944,0.008077433,0.393042,0.393042,0.0016848603,False
2025-06-05,-0.008118516,0.0069158655,-0.015034381,0.015034381,0.0011615679,False
2025-06-06,0.4102042,0.00539969,0.4048045,0.4048045,0.0015161755,False
2025-06-09,0.5800291,0.0046661627,0.5753629,0.5753629,0.00073352735,False
2025-06-10,0.0073687457,0.0040239785,0.0033447673,0.0033447673,0.00064218417,False
2025-06-11,-0.52773833,0.003919767,-0.5316581,0.5316581,0.00010421127,False
2025-06-12,1.0280683,0.005743102,1.0223252,1.0223252,0.001823335,False
2025-06-13,0.09199481,0.0061379094,0.0858569,0.0858569,0.0003948072,False
2025-06-16,0.54829895,0.0062382463,0.54206073,0.54206073,0.00010033697,False
2025-06-17,-0.2743889,0.007193098,-0.281582,0.281582,0.0009548515,False
2025-06-18,0.382242,0.008209403,0.3740326,0.3740326,0.0010163048,False
2025-06-20,-1.129638,0.010030747,-1.1396687,1.1396687,0.0018213447,False
2025-06-23,0.93926597,0.01775145,0.9215145,0.9215145,0.0077207023,False
2025-06-24,-0.8352185,0.0154049285,-0.8506234,0.8506234,0.0023465212,False
2025-06-25,-0.03092402,0.021655627,-0.05257965,0.05257965,0.006250698,False
2025-06-26,-0.21786585,0.019212926,-0.23707879,0.23707879,0.0024427008,False
2025-06-27,0.9606504,0.01979881,0.94085157,0.94085157,0.00058588386,False
2025-06-30,1.112172,0.017491706,1.0946803,1.0946803,0.002307104,False
2025-07-01,-0.0003286103,0.013072233,-0.013400843,0.013400843,0.004419473,False
2025-07-02,0.80201215,0.01146681,0.79054534,0.79054534,0.0016054232,False
2025-07-03,0.5218971,0.01092212,0.51097494,0.51097494,0.0005446896,False
2025-07-07,0.5164427,0.011231838,0.5052109,0.5052109,0.00030971784,False
2025-07-08,-0.11185311,0.011700644,-0.12355375,0.12355375,0.00046880636,False
2025-07-09,0.4745097,0.012642345,0.46186733,0.46186733,0.00094170123,False
2025-07-10,0.8338955,0.01345652,0.820439,0.820439,0.0008141743,False
2025-07-11,-0.7862297,0.014186031,-0.80041575,0.80041575,0.0007295115,False
2025-07-14,-0.07158869,0.014667243,-0.08625593,0.08625593,0.00048121158,False
2025-07-15,0.60621035,0.015376246,0.5908341,0.5908341,0.00070900284,False
2025-07-16,0.2746205,0.016227348,0.25839317,0.25839317,0.0008511022,False
2025-07-17,-0.3297523,0.016695017,-0.34644732,0.34644732,0.00046766922,False
2025-07-18,0.14074138,0.017478377,0.123263,0.123263,0.00078335963,False
2025-07-21,-0.39562982,0.01979227,-0.41542208,0.41542208,0.0023138933,False
2025-07-22,0.31936574,0.024229761,0.29513597,0.29513597,0.0044374913,False
2025-07-23,0.53737676,0.028088834,0.50928795,0.50928795,0.003859073,False
2025-07-24,-0.009048621,0.03355269,-0.042601313,0.042601313,0.005463857,False
2025-07-25,0.13991348,0.03821662,0.101696864,0.101696864,0.0046639293,False
2025-07-28,0.063753165,0.04359891,0.020154256,0.020154256,0.0053822882,False
2025-07-29,0.78118867,0.048189055,0.7329996,0.7329996,0.0045901462,False
2025-07-30,0.06982236,0.049395338,0.020427026,0.020427026,0.0012062825,False
2025-07-31,0.39743277,0.050107002,0.34732577,0.34732577,0.00071166456,False
2025-08-01,0.01768581,0.051145487,-0.03345968,0.03345968,0.0010384843,False
2025-08-04,-0.29594424,0.05269742,-0.34864166,0.34864166,0.0015519336,False
2025-08-05,-0.12494327,0.055616423,-0.1805597,0.1805597,0.0029190034,False
2025-08-06,-0.36948192,0.05843506,-0.42791697,0.42791697,0.0028186366,False
2025-08-07,-1.5992134,0.06073214,-1.6599455,1.6599455,0.002297081,False
2025-08-08,1.4737101,0.05663334,1.4170767,1.4170767,0.004098803,False
2025-08-11,-0.4857866,0.054564044,-0.5403506,0.5403506,0.0020692945,False
2025-08-12,0.7281907,0.05091905,0.67727166,0.67727166,0.0036449954,False
2025-08-13,-0.079748005,0.049699757,-0.12944776,0.12944776,0.0012192912,False
2025-08-14,0.77997154,0.04822751,0.73174405,0.73174405,0.0014722459,False
2025-08-15,-0.2504128,0.049858205,-0.300271,0.300271,0.0016306937,False
2025-08-18,1.1345435,0.049690552,1.0848529,1.0848529,0.00016765296,False
2025-08-19,0.32300788,0.053235218,0.26977265,0.26977265,0.0035446659,False
2025-08-20,0.03030908,0.05563125,-0.02532217,0.02532217,0.0023960322,False
2025-08-21,-0.2897135,0.057245165,-0.34695867,0.34695867,0.001613915,False
2025-08-22,-0.010076318,0.058841348,-0.06891766,0.06891766,0.0015961826,False
2025-08-25,-0.5858103,0.061102316,-0.64691263,0.64691263,0.002260968,False
2025-08-26,-0.24316694,0.062178656,-0.3053456,0.3053456,0.0010763407,False
2025-08-27,-0.40041816,0.062499955,-0.4629181,0.4629181,0.00032129884,False
2025-08-28,1.5186445,0.061143585,1.4575008,1.4575008,0.0013563707,False
2025-08-29,-0.42663854,0.06390485,-0.4905434,0.4905434,0.0027612671,False
2025-09-02,0.41339952,0.06382303,0.34957647,0.34957647,8.1822276e-05,False
2025-09-03,0.23909843,0.06542842,0.17367001,0.17367001,0.0016053915,False
2025-09-04,0.31567195,0.06742904,0.24824291,0.24824291,0.0020006225,False
2025-09-05,-0.63981843,0.07099339,-0.71081185,0.71081185,0.0035643503,False
2025-09-08,-0.692228,0.07933495,-0.771563,0.771563,0.008341558,False
2025-09-09,0.5100074,0.0853044,0.42470297,0.42470297,0.00596945,False
2025-09-10,0.83464867,0.08884413,0.74580455,0.74580455,0.0035397261,False
2025-09-11,-0.3165153,0.088557616,-0.40507293,0.40507293,0.00028651208,False
2025-09-12,0.21059789,0.087870404,0.12272748,0.12272748,0.00068721175,False
2025-09-15,0.26881537,0.08676553,0.18204984,0.18204984,0.0011048764,False
2025-09-16,0.298347,0.08674885,0.21159814,0.21159814,1.66744e-05,False
2025-09-17,0.84858906,0.0870718,0.7615173,0.7615173,0.00032294542,False
2025-09-18,-0.04827613,0.08524025,-0.13351639,0.13351639,0.0018315464,False
2025-09-19,0.4706619,0.084647864,0.38601404,0.38601404,0.0005923882,False
2025-09-22,-0.12879303,0.08703952,-0.21583256,0.21583256,0.0023916587,False
2025-09-23,-0.09701682,0.089087486,-0.1861043,0.1861043,0.0020479634,False
2025-09-24,0.4789119,0.08921871,0.3896932,0.3896932,0.00013122708,False
2025-09-25,0.4885419,0.08920509,0.3993368,0.3993368,1.3619661e-05,False
2025-09-26,0.44100463,0.089274794,0.35172984,0.35172984,6.970018e-05,False
2025-09-29,-0.5502159,0.089285776,-0.6395017,0.6395017,1.0982156e-05,False
2025-09-30,-0.28466177,0.08923545,-0.37389722,0.37389722,5.0328672e-05,False
2025-10-01,-0.5009061,0.087702036,-0.58860815,0.58860815,0.0015334114,False
2025-10-02,0.5901837,0.08633251,0.5038512,0.5038512,0.0013695285,False
2025-10-03,0.26355442,0.08317093,0.1803835,0.1803835,0.0031615794,False
2025-10-06,0.40908483,0.0827683,0.32631654,0.32631654,0.00040262938,False
