Date,Actual,Predicted,Error,Abs_Error,Prediction_Change,Is_Constant
2022-02-14,-1.8115726,0.12770899,-1.9392816,1.9392816,,False
2022-02-15,-1.8969455,0.095316194,-1.9922616,1.9922616,0.032392792,False
2022-02-16,-0.38405967,0.06894445,-0.45300412,0.45300412,0.026371747,False
2022-02-17,1.5766721,0.054012395,1.5226597,1.5226597,0.014932051,False
2022-02-18,0.08812077,0.05011654,0.038004234,0.038004234,0.0038958564,False
2022-02-22,-2.1173139,0.049953293,-2.167267,2.167267,0.00016324595,False
2022-02-23,-0.71661615,0.04600174,-0.7626179,0.7626179,0.0039515533,False
2022-02-24,-1.0142945,0.044927537,-1.059222,1.059222,0.0010742024,False
2022-02-25,-1.8412123,0.043906752,-1.8851191,1.8851191,0.0010207854,False
2022-02-28,1.4956856,0.041682534,1.4540031,1.4540031,0.002224218,False
2022-03-01,2.2372677,0.039978586,2.1972892,2.1972892,0.0017039478,False
2022-03-02,-0.24426034,0.04057186,-0.2848322,0.2848322,0.00059327483,False
2022-03-03,-1.5473504,0.035084583,-1.582435,1.582435,0.005487278,False
2022-03-04,1.8642691,0.025525298,1.8387438,1.8387438,0.009559285,False
2022-03-07,-0.5254666,0.019091344,-0.544558,0.544558,0.0064339545,False
2022-03-08,-0.7934043,0.0133697335,-0.806774,0.806774,0.00572161,False
2022-03-09,-2.9518158,0.007376435,-2.9591923,2.9591923,0.0059932983,False
2022-03-10,-0.7233754,-0.0003290549,-0.7230463,0.7230463,0.00770549,False
2022-03-11,2.5698247,-0.004801592,2.5746262,2.5746262,0.004472537,False
2022-03-14,-0.42918137,-0.007039994,-0.42214137,0.42214137,0.0022384021,False
2022-03-15,-1.2961545,-0.0075954534,-1.2885591,1.2885591,0.0005554594,False
2022-03-16,-0.74210024,-0.007951092,-0.73414916,0.73414916,0.00035563856,False
2022-03-17,2.1408575,-0.0071051437,2.1479626,2.1479626,0.00084594823,False
2022-03-18,2.2383761,-0.006070357,2.2444465,2.2444465,0.0010347869,False
2022-03-21,1.2347817,0.0014036465,1.233378,1.233378,0.0074740034,False
2022-03-22,1.1662295,0.011389158,1.1548404,1.1548404,0.009985511,False
2022-03-23,-0.043466035,0.026132507,-0.06959854,0.06959854,0.0147433495,False
2022-03-24,1.1304114,0.064286694,1.0661247,1.0661247,0.038154185,False
2022-03-25,-1.2272699,0.08742161,-1.3146915,1.3146915,0.023134917,False
2022-03-28,1.4343913,0.06667263,1.3677186,1.3677186,0.02074898,False
2022-03-29,0.50661707,0.0865328,0.42008427,0.42008427,0.01986017,False
2022-03-30,0.71449554,0.116617896,0.5978776,0.5978776,0.030085094,False
2022-03-31,1.2256547,0.124914035,1.1007407,1.1007407,0.00829614,False
2022-04-01,-0.62937003,0.12802112,-0.75739115,0.75739115,0.0031070858,False
2022-04-04,-1.5652541,0.11716429,-1.6824183,1.6824183,0.01085683,False
2022-04-05,0.34102225,0.10191076,0.23911148,0.23911148,0.015253529,False
2022-04-06,0.8090939,0.10630067,0.70279324,0.70279324,0.0043899044,False
2022-04-07,-1.2551721,0.110652424,-1.3658246,1.3658246,0.0043517575,False
2022-04-08,-0.97169167,0.09744342,-1.0691351,1.0691351,0.013209008,False
2022-04-11,0.42533857,0.088699706,0.33663887,0.33663887,0.008743711,False
2022-04-12,-0.26510265,0.083842546,-0.3489452,0.3489452,0.00485716,False
2022-04-13,-1.687729,0.07765894,-1.7653879,1.7653879,0.0061836094,False
2022-04-14,-0.34174478,0.075629346,-0.41737413,0.41737413,0.0020295903,False
2022-04-18,1.1174577,0.07703155,1.0404263,1.0404263,0.0014022067,False
2022-04-19,-1.2144138,0.083075464,-1.2974892,1.2974892,0.006043911,False
2022-04-20,-0.020486828,0.08695469,-0.107441515,0.107441515,0.0038792267,False
2022-04-21,1.6057605,0.086986326,1.5187742,1.5187742,3.1635165e-05,False
2022-04-22,-0.061847508,0.08486877,-0.14671627,0.14671627,0.0021175593,False
2022-04-25,-1.4752948,0.0820003,-1.5572951,1.5572951,0.002868466,False
2022-04-26,-2.7740054,0.07551541,-2.849521,2.849521,0.0064848885,False
2022-04-27,0.5697937,0.057619363,0.51217437,0.51217437,0.017896049,False
2022-04-28,-2.8146307,0.04286322,-2.8574939,2.8574939,0.014756143,False
2022-04-29,0.20980468,0.027795404,0.18200928,0.18200928,0.015067816,False
2022-05-02,2.47469,0.019173589,2.4555163,2.4555163,0.008621816,False
2022-05-03,-3.6284506,0.014238323,-3.642689,3.642689,0.0049352655,False
2022-05-04,0.56752425,0.008632049,0.5588922,0.5588922,0.005606274,False
2022-05-05,0.48371264,0.004363846,0.4793488,0.4793488,0.004268203,False
2022-05-06,2.986242,0.0028584749,2.9833837,2.9833837,0.0015053712,False
2022-05-09,-3.564971,0.004833363,-3.5698044,3.5698044,0.0019748881,False
2022-05-10,-0.5674225,0.002825562,-0.57024807,0.57024807,0.002007801,False
2022-05-11,-3.20371,0.0016115345,-3.2053216,3.2053216,0.0012140274,False
2022-05-12,0.24578975,-0.0027887095,0.24857846,0.24857846,0.004400244,False
2022-05-13,-1.6463207,-0.004631983,-1.6416887,1.6416887,0.0018432736,False
2022-05-16,-0.12959646,-0.005636772,-0.12395968,0.12395968,0.001004789,False
2022-05-17,2.3869696,-0.0065838043,2.3935533,2.3935533,0.0009470321,False
2022-05-18,-0.3946401,-0.0041132737,-0.3905268,0.3905268,0.0024705306,False
2022-05-19,2.0169632,-0.0030244626,2.0199878,2.0199878,0.0010888111,False
2022-05-20,-4.039526,0.0054451227,-4.044971,4.044971,0.008469585,False
2022-05-23,-0.5833782,0.00034760498,-0.5837258,0.5837258,0.0050975177,False
2022-05-24,0.014614177,-0.0016622581,0.016276434,0.016276434,0.002009863,False
2022-05-25,1.855504,-0.0019852333,1.8574892,1.8574892,0.00032297522,False
2022-05-26,-0.8120798,-5.7118014e-05,-0.8120227,0.8120227,0.0019281153,False
2022-05-27,0.94507647,-0.00017910078,0.9452556,0.9452556,0.00012198277,False
2022-05-31,1.9883256,0.0005771741,1.9877484,1.9877484,0.0007562749,False
2022-06-01,2.4742262,0.0018187836,2.4724073,2.4724073,0.0012416095,False
2022-06-02,-0.6274369,0.0048667733,-0.63230366,0.63230366,0.0030479897,False
2022-06-03,-0.7482769,0.009418926,-0.7576958,0.7576958,0.004552153,False
2022-06-06,1.8431019,0.014012663,1.8290892,1.8290892,0.0045937365,False
2022-06-07,-1.6347314,0.015401134,-1.6501325,1.6501325,0.0013884716,False
2022-06-08,0.31374007,0.01913936,0.29460073,0.29460073,0.0037382264,False
2022-06-09,0.9523393,0.021942534,0.93039674,0.93039674,0.002803173,False
2022-06-10,-1.0793946,0.023914756,-1.1033094,1.1033094,0.0019722227,False
2022-06-13,-2.3798695,0.028804315,-2.4086738,2.4086738,0.004889559,False
2022-06-14,-2.9110303,0.027306834,-2.938337,2.938337,0.001497481,False
2022-06-15,-3.876843,0.025446322,-3.9022894,3.9022894,0.0018605124,False
2022-06-16,-0.37736797,0.018545125,-0.3959131,0.3959131,0.006901197,False
2022-06-17,1.4592505,0.01415135,1.4450991,1.4450991,0.004393775,False
2022-06-21,-3.2511952,0.009582457,-3.2607777,3.2607777,0.0045688925,False
2022-06-22,0.22008657,0.007682884,0.21240368,0.21240368,0.001899573,False
2022-06-23,2.4477243,0.006706387,2.4410179,2.4410179,0.0009764973,False
2022-06-24,-0.13015723,0.007071551,-0.13722879,0.13722879,0.00036516413,False
2022-06-27,0.95322174,0.0063451678,0.9468766,0.9468766,0.0007263832,False
2022-06-28,3.0563293,0.006556824,3.0497725,3.0497725,0.0002116561,False
2022-06-29,-0.29730716,0.008968104,-0.30627528,0.30627528,0.0024112798,False
2022-06-30,-2.0143037,0.012537468,-2.0268412,2.0268412,0.0035693645,False
2022-07-01,-0.07117454,0.010745091,-0.08191963,0.08191963,0.0017923769,False
2022-07-05,-0.8759278,0.007821855,-0.88374966,0.88374966,0.0029232362,False
2022-07-06,1.0553814,0.0049626315,1.0504187,1.0504187,0.0028592236,False
2022-07-07,0.15841286,0.004238842,0.15417401,0.15417401,0.00072378945,False
2022-07-08,0.35731643,0.002679376,0.35463706,0.35463706,0.0015594661,False
2022-07-11,1.4964588,0.0034930166,1.4929657,1.4929657,0.00081364065,False
2022-07-12,-0.083027154,0.0049024224,-0.08792958,0.08792958,0.0014094058,False
2022-07-13,-1.1527462,0.008699224,-1.1614454,1.1614454,0.003796802,False
2022-07-14,-0.9243879,0.0070714448,-0.9314593,0.9314593,0.0016277796,False
2022-07-15,-0.44569024,0.0057710838,-0.45146132,0.45146132,0.001300361,False
2022-07-18,-0.2998634,0.0058429865,-0.30570638,0.30570638,7.190276e-05,False
2022-07-19,1.9201249,0.0072243847,1.9129004,1.9129004,0.0013813982,False
2022-07-20,-0.8363572,0.009786614,-0.8461438,0.8461438,0.0025622295,False
2022-07-21,2.762829,0.01201684,2.7508123,2.7508123,0.002230226,False
2022-07-22,0.5895806,0.015121414,0.5744592,0.5744592,0.003104574,False
2022-07-25,0.9861373,0.017994855,0.9681424,0.9681424,0.0028734403,False
2022-07-26,-0.9332467,0.019483805,-0.9527305,0.9527305,0.0014889501,False
2022-07-27,0.13151671,0.020909205,0.110607505,0.110607505,0.0014254004,False
2022-07-28,-1.1543202,0.022456124,-1.1767764,1.1767764,0.0015469193,False
2022-07-29,2.6156273,0.020020284,2.595607,2.595607,0.0024358407,False
2022-08-01,1.2133338,0.021181248,1.1921526,1.1921526,0.0011609644,False
2022-08-02,1.420776,0.0232714,1.3975046,1.3975046,0.0020901524,False
2022-08-03,-0.2823084,0.028318945,-0.31062734,0.31062734,0.005047545,False
2022-08-04,-0.66623956,0.028243452,-0.69448304,0.69448304,7.549301e-05,False
2022-08-05,1.5638477,0.029141258,1.5347064,1.5347064,0.00089780614,False
2022-08-08,-0.077734016,0.029797766,-0.107531786,0.107531786,0.0006565079,False
2022-08-09,-0.1625746,0.030616134,-0.19319074,0.19319074,0.00081836805,False
2022-08-10,-0.123755075,0.037100986,-0.16085607,0.16085607,0.0064848512,False
2022-08-11,-0.4248693,0.037968084,-0.4628374,0.4628374,0.00086709857,False
2022-08-12,2.1290638,0.040015336,2.0890486,2.0890486,0.002047252,False
2022-08-15,-0.070547394,0.04721413,-0.11776152,0.11776152,0.0071987957,False
2022-08-16,1.7322369,0.05565756,1.6765794,1.6765794,0.008443426,False
2022-08-17,0.39695418,0.05900059,0.3379536,0.3379536,0.0033430308,False
2022-08-18,0.18756798,0.06021124,0.12735674,0.12735674,0.0012106523,False
2022-08-19,-0.7237795,0.06465285,-0.78843236,0.78843236,0.0044416115,False
2022-08-22,0.22695611,0.06763502,0.1593211,0.1593211,0.0029821694,False
2022-08-23,-1.2900001,0.069827855,-1.359828,1.359828,0.0021928325,False
2022-08-24,-2.1400065,0.0709199,-2.2109265,2.2109265,0.0010920465,False
2022-08-25,-0.22378626,0.06228824,-0.28607452,0.28607452,0.0086316615,False
2022-08-26,0.29161605,0.058130503,0.23348555,0.23348555,0.004157737,False
2022-08-29,1.4091605,0.05670642,1.3524541,1.3524541,0.0014240816,False
2022-08-30,-3.368806,0.05637765,-3.4251835,3.4251835,0.00032877177,False
2022-08-31,-0.6666356,0.04855185,-0.71518743,0.71518743,0.007825799,False
2022-09-01,-1.1028155,0.04358861,-1.1464041,1.1464041,0.0049632415,False
2022-09-02,-0.7817025,0.038390256,-0.8200928,0.8200928,0.005198352,False
2022-09-06,0.2996232,0.0343003,0.2653229,0.2653229,0.0040899552,False
2022-09-07,-1.07365,0.03146617,-1.1051161,1.1051161,0.00283413,False
2022-09-08,-0.4095057,0.026160516,-0.4356662,0.4356662,0.0053056553,False
2022-09-09,1.8341017,0.023084162,1.8110175,1.8110175,0.003076354,False
2022-09-12,0.6610722,0.021393187,0.639679,0.639679,0.0016909745,False
2022-09-13,1.527145,0.02157012,1.505575,1.505575,0.00017693266,False
2022-09-14,1.0584273,0.023981506,1.0344459,1.0344459,0.002411386,False
2022-09-15,-4.3236613,0.023864392,-4.3475256,4.3475256,0.000117113814,False
2022-09-16,0.33870122,0.01898795,0.31971326,0.31971326,0.0048764423,False
2022-09-19,-1.131774,0.015710248,-1.1474842,1.1474842,0.0032777023,False
2022-09-20,-0.7182134,0.01332598,-0.73153937,0.73153937,0.0023842677,False
2022-09-21,0.6857101,0.011402309,0.67430776,0.67430776,0.001923671,False
2022-09-22,-1.1272103,0.01031826,-1.1375285,1.1375285,0.0010840492,False
2022-09-23,-1.7116494,0.009351501,-1.7210009,1.7210009,0.00096675847,False
2022-09-26,-0.8427581,0.007446845,-0.85020494,0.85020494,0.0019046562,False
2022-09-27,-1.723262,0.0074579343,-1.7307199,1.7307199,1.1089258e-05,False
2022-09-28,-1.0340526,0.004563026,-1.0386156,1.0386156,0.0028949082,False
2022-09-29,-0.21203598,0.0021135025,-0.21414949,0.21414949,0.0024495237,False
2022-09-30,1.967214,5.8928505e-05,1.9671551,1.9671551,0.002054574,False
2022-10-03,-2.1126437,-0.0004567597,-2.112187,2.112187,0.0005156882,False
2022-10-04,-1.5066695,-0.0014912263,-1.5051783,1.5051783,0.0010344665,False
2022-10-05,2.5883894,-0.0025471263,2.5909364,2.5909364,0.0010559,False
2022-10-06,3.05837,-0.0028770678,3.061247,3.061247,0.0003299415,False
2022-10-07,-0.20179488,-0.0027069263,-0.19908795,0.19908795,0.00017014146,False
2022-10-11,-1.0245081,0.0003712047,-1.0248793,1.0248793,0.003078131,False
2022-10-12,-2.8003619,-0.0011441186,-2.7992177,2.7992177,0.0015153233,False
2022-10-13,-0.6519176,-0.0037843995,-0.64813316,0.64813316,0.0026402809,False
2022-10-14,-0.3290773,-0.0069594886,-0.3221178,0.3221178,0.0031750891,False
2022-10-17,2.5965643,-0.00882935,2.6053936,2.6053936,0.001869861,False
2022-10-18,-2.3662663,-0.008803368,-2.357463,2.357463,2.5982037e-05,False
2022-10-19,2.6480052,-0.009172335,2.6571777,2.6571777,0.00036896765,False
2022-10-20,1.1427569,-0.009100895,1.1518579,1.1518579,7.143989e-05,False
2022-10-21,-0.66720974,-0.009150051,-0.6580597,0.6580597,4.9155205e-05,False
2022-10-24,-0.795091,-0.007901225,-0.7871897,0.7871897,0.0012488253,False
2022-10-25,2.372482,-0.0057984907,2.3782806,2.3782806,0.0021027345,False
2022-10-26,1.1881976,-0.006593615,1.1947912,1.1947912,0.0007951241,False
2022-10-27,1.6266655,-0.005564017,1.6322294,1.6322294,0.0010295976,False
2022-10-28,-0.7387716,-0.0053768493,-0.73339474,0.73339474,0.0001871679,False
2022-10-31,-0.60826105,-0.003627941,-0.6046331,0.6046331,0.0017489083,False
2022-11-01,2.462638,-0.0025938638,2.4652317,2.4652317,0.0010340773,False
2022-11-02,-0.7454404,0.0044232737,-0.7498637,0.7498637,0.0070171375,False
2022-11-03,-0.41012305,0.010582804,-0.42070585,0.42070585,0.00615953,False
2022-11-04,-2.5001986,0.010697784,-2.5108964,2.5108964,0.000114980154,False
2022-11-07,-1.0585992,0.012268553,-1.0708678,1.0708678,0.0015707687,False
2022-11-08,1.3618724,0.013212955,1.3486595,1.3486595,0.00094440207,False
2022-11-09,0.9613982,0.016420461,0.9449777,0.9449777,0.0032075066,False
2022-11-10,0.5597893,0.020196505,0.5395928,0.5395928,0.0037760437,False
2022-11-14,-2.0777886,0.018567553,-2.0963562,2.0963562,0.0016289521,False
2022-11-15,5.5434484,0.01834104,5.5251074,5.5251074,0.00022651255,False
2022-11-16,-0.8935777,0.019136768,-0.9127145,0.9127145,0.0007957276,False
2022-11-17,0.87131166,0.023235148,0.8480765,0.8480765,0.00409838,False
2022-11-18,-0.8252047,0.023477228,-0.8486819,0.8486819,0.00024208054,False
2022-11-21,-0.30893227,0.02416551,-0.3330978,0.3330978,0.0006882809,False
2022-11-22,0.47585818,0.02736054,0.44849765,0.44849765,0.0031950306,False
2022-11-23,-0.38836887,0.030553117,-0.418922,0.418922,0.0031925775,False
2022-11-25,1.3579988,0.03518652,1.3228123,1.3228123,0.0046334043,False
2022-11-28,0.59146893,0.03910125,0.5523677,0.5523677,0.0039147288,False
2022-11-29,-0.02830442,0.048105825,-0.07641025,0.07641025,0.009004574,False
2022-11-30,-1.5444193,0.05405505,-1.5984744,1.5984744,0.0059492253,False
2022-12-01,-0.15918653,0.05245951,-0.21164604,0.21164604,0.0015955418,False
2022-12-02,3.0947871,0.051238086,3.043549,3.043549,0.0012214221,False
2022-12-05,-0.08676332,0.05020021,-0.13696353,0.13696353,0.001037877,False
2022-12-06,-0.11946605,0.05216088,-0.17162693,0.17162693,0.0019606724,False
2022-12-07,-1.7894212,0.06022691,-1.8496481,1.8496481,0.008066028,False
2022-12-08,-1.4399195,0.061015107,-1.5009346,1.5009346,0.0007881969,False
2022-12-09,-0.18623708,0.053795055,-0.24003214,0.24003214,0.007220052,False
2022-12-12,0.7521782,0.04828521,0.703893,0.703893,0.005509846,False
2022-12-13,-0.7349578,0.049667887,-0.7846257,0.7846257,0.0013826787,False
2022-12-14,1.4279296,0.050568074,1.3773615,1.3773615,0.0009001866,False
2022-12-15,0.7289664,0.047805596,0.6811608,0.6811608,0.0027624778,False
2022-12-16,-0.6052725,0.045950346,-0.6512228,0.6512228,0.0018552504,False
2022-12-19,-2.4921675,0.049722053,-2.5418894,2.5418894,0.0037717074,False
2022-12-20,-1.1137751,0.04909817,-1.1628733,1.1628733,0.0006238818,False
2022-12-21,-0.9007516,0.04758562,-0.9483372,0.9483372,0.0015125498,False
2022-12-22,0.10373384,0.047991235,0.055742603,0.055742603,0.00040561333,False
2022-12-23,1.4867994,0.053964376,1.432835,1.432835,0.0059731416,False
2022-12-27,-1.4451699,0.060310334,-1.5054803,1.5054803,0.0063459575,False
2022-12-28,0.58681023,0.055082016,0.5317282,0.5317282,0.0052283183,False
2022-12-29,-0.4049622,0.060714945,-0.46567714,0.46567714,0.0056329295,False
2022-12-30,-1.2020638,0.06210161,-1.2641654,1.2641654,0.0013866648,False
2023-01-03,1.7461332,0.057867557,1.6882657,1.6882657,0.004234053,False
2023-01-04,-0.25407425,0.055086747,-0.309161,0.309161,0.00278081,False
2023-01-05,-0.4000549,0.054782964,-0.45483786,0.45483786,0.00030378252,False
2023-01-06,0.7538971,0.048496436,0.70540065,0.70540065,0.006286528,False
2023-01-09,-1.1645529,0.04550194,-1.2100549,1.2100549,0.0029944964,False
2023-01-10,2.2840781,0.04571644,2.2383616,2.2383616,0.00021449849,False
2023-01-11,-0.07676326,0.047206633,-0.12396989,0.12396989,0.0014901944,False
2023-01-12,0.69782335,0.047205634,0.6506177,0.6506177,9.983778e-07,True
2023-01-13,1.2849425,0.05460891,1.2303336,1.2303336,0.007403277,False
2023-01-17,0.34159058,0.056941107,0.2846495,0.2846495,0.0023321956,False
2023-01-18,0.39968583,0.06488882,0.33479702,0.33479702,0.007947713,False
2023-01-19,-0.20304912,0.087284885,-0.29033402,0.29033402,0.022396065,False
2023-01-20,-1.5562599,0.09388941,-1.6501492,1.6501492,0.0066045225,False
2023-01-23,-0.763835,0.08292494,-0.84676,0.84676,0.010964468,False
2023-01-24,1.8918401,0.07924184,1.8125982,1.8125982,0.0036830977,False
2023-01-25,1.1881346,0.08156867,1.1065658,1.1065658,0.0023268312,False
2023-01-26,-0.07115031,0.08078233,-0.15193264,0.15193264,0.0007863417,False
2023-01-27,-0.018172506,0.08099743,-0.09916994,0.09916994,0.00021509826,False
2023-01-30,1.1007854,0.08155005,1.0192354,1.0192354,0.000552617,False
2023-01-31,0.24948409,0.08644106,0.16304302,0.16304302,0.0048910156,False
2023-02-01,-1.296874,0.0929143,-1.3897884,1.3897884,0.006473236,False
2023-02-02,1.464247,0.0900942,1.3741528,1.3741528,0.002820097,False
2023-02-03,1.0452304,0.08940194,0.9558284,0.9558284,0.00069226325,False
2023-02-06,1.4699373,0.096959576,1.3729777,1.3729777,0.007557638,False
2023-02-07,-1.0354611,0.10156149,-1.1370225,1.1370225,0.0046019107,False
2023-02-08,-0.6140463,0.110644996,-0.7246913,0.7246913,0.009083509,False
2023-02-09,1.2872511,0.10738141,1.1798697,1.1798697,0.0032635853,False
2023-02-10,-1.1080724,0.10565781,-1.2137302,1.2137302,0.0017236024,False
2023-02-13,-0.88297963,0.103896596,-0.98687625,0.98687625,0.001761213,False
2023-02-14,0.21952617,0.101276435,0.11824974,0.11824974,0.0026201606,False
2023-02-15,1.144861,0.09918223,1.0456787,1.0456787,0.0020942017,False
2023-02-16,-0.028041454,0.095332645,-0.1233741,0.1233741,0.0038495883,False
2023-02-17,0.27731758,0.09818551,0.17913207,0.17913207,0.0028528646,False
2023-02-21,-1.3788742,0.10570593,-1.4845802,1.4845802,0.0075204223,False
2023-02-22,-0.27674058,0.102138415,-0.378879,0.378879,0.0035675168,False
2023-02-23,-2.0041234,0.09788631,-2.1020098,2.1020098,0.004252106,False
2023-02-24,-0.15735562,0.08735213,-0.24470775,0.24470775,0.010534182,False
2023-02-27,0.53294295,0.07885631,0.45408663,0.45408663,0.008495815,False
2023-02-28,-1.0537552,0.07434034,-1.1280955,1.1280955,0.0045159683,False
2023-03-01,0.30730045,0.07076127,0.23653919,0.23653919,0.0035790727,False
2023-03-02,-0.3036002,0.06787515,-0.37147534,0.37147534,0.002886124,False
2023-03-03,-0.4725265,0.06740175,-0.53992826,0.53992826,0.000473395,False
2023-03-06,0.7582194,0.07055406,0.68766534,0.68766534,0.0031523108,False
2023-03-07,1.6147738,0.07834368,1.5364301,1.5364301,0.0077896193,False
2023-03-08,0.068716675,0.081670076,-0.012953401,0.012953401,0.0033263937,False
2023-03-09,-1.532692,0.091084175,-1.6237761,1.6237761,0.009414099,False
2023-03-10,0.1414794,0.08822591,0.053253494,0.053253494,0.0028582662,False
2023-03-13,-1.8459358,0.090712965,-1.9366488,1.9366488,0.002487056,False
2023-03-14,-1.4478139,0.075775765,-1.5235896,1.5235896,0.0149372,False
2023-03-15,-0.1509761,0.062409937,-0.21338604,0.21338604,0.0133658275,False
2023-03-16,1.6476655,0.050297275,1.5973682,1.5973682,0.012112662,False
2023-03-17,-0.69808835,0.046915434,-0.74500376,0.74500376,0.003381841,False
2023-03-20,1.7562007,0.038432766,1.717768,1.717768,0.008482669,False
2023-03-21,-1.1019458,0.0374074,-1.1393532,1.1393532,0.0010253675,False
2023-03-22,0.8918404,0.03231454,0.85952586,0.85952586,0.0050928593,False
2023-03-23,1.2982194,0.03205131,1.2661681,1.2661681,0.000263229,False
2023-03-24,-1.6463224,0.04369165,-1.690014,1.690014,0.01164034,False
2023-03-27,0.29845288,0.043548338,0.25490454,0.25490454,0.00014331192,False
2023-03-28,0.5639807,0.04248601,0.5214947,0.5214947,0.0010623299,False
2023-03-29,0.16469543,0.047039226,0.1176562,0.1176562,0.0045532174,False
2023-03-30,-0.15738435,0.069591954,-0.2269763,0.2269763,0.022552729,False
2023-03-31,1.4237269,0.08156036,1.3421665,1.3421665,0.011968404,False
2023-04-03,0.57152694,0.09664317,0.47488376,0.47488376,0.015082814,False
2023-04-04,1.4436543,0.09667936,1.346975,1.346975,3.618747e-05,False
2023-04-05,0.36988464,0.09289933,0.27698532,0.27698532,0.0037800297,False
2023-04-06,-0.5796972,0.09068638,-0.6703836,0.6703836,0.002212949,False
2023-04-10,-0.24923706,0.083056204,-0.33229327,0.33229327,0.007630177,False
2023-04-11,0.3579163,0.07877993,0.27913636,0.27913636,0.0042762756,False
2023-04-12,0.099630296,0.08639568,0.013234615,0.013234615,0.0076157525,False
2023-04-13,-0.004135248,0.09516254,-0.09929779,0.09929779,0.00876686,False
2023-04-14,-0.41348842,0.09763791,-0.51112634,0.51112634,0.002475366,False
2023-04-17,1.326269,0.09725721,1.2290118,1.2290118,0.00038069487,False
2023-04-18,-0.20693734,0.10576042,-0.31269777,0.31269777,0.008503206,False
2023-04-19,0.3306157,0.11192931,0.21868639,0.21868639,0.0061688945,False
2023-04-20,0.08552203,0.098506264,-0.012984231,0.012984231,0.013423048,False
2023-04-21,-0.0084262,0.08230702,-0.090733215,0.090733215,0.016199246,False
2023-04-24,-0.59525484,0.08216836,-0.6774232,0.6774232,0.0001386553,False
2023-04-25,0.09031889,0.06134002,0.02897887,0.02897887,0.020828344,False
2023-04-26,0.085157916,0.048051212,0.037106704,0.037106704,0.013288807,False
2023-04-27,-1.5810859,0.04294337,-1.6240293,1.6240293,0.0051078424,False
2023-04-28,-0.3841187,0.05368135,-0.43780005,0.43780005,0.010737982,False
2023-05-01,1.956615,0.0642793,1.8923357,1.8923357,0.010597952,False
2023-05-02,0.8253203,0.06943763,0.7558827,0.7558827,0.0051583275,False
2023-05-03,-0.03861065,0.07111432,-0.10972497,0.10972497,0.0016766861,False
2023-05-04,-1.1586263,0.07025735,-1.2288836,1.2288836,0.0008569658,False
2023-05-05,-0.69983053,0.0627227,-0.7625532,0.7625532,0.007534653,False
2023-05-08,-0.7218732,0.06087242,-0.78274566,0.78274566,0.0018502772,False
2023-05-09,1.8474752,0.07656737,1.7709078,1.7709078,0.015694946,False
2023-05-10,0.045212865,0.07486945,-0.029656582,0.029656582,0.0016979203,False
2023-05-11,-0.45794213,0.07337776,-0.53131986,0.53131986,0.0014916882,False
2023-05-12,0.44839653,0.06884041,0.37955612,0.37955612,0.0045373514,False
2023-05-15,-0.1696624,0.06765512,-0.23731752,0.23731752,0.0011852905,False
2023-05-16,-0.15833068,0.071982786,-0.23031346,0.23031346,0.0043276697,False
2023-05-17,0.29581645,0.077003635,0.21881282,0.21881282,0.0050208494,False
2023-05-18,-0.6377683,0.081341095,-0.7191094,0.7191094,0.00433746,False
2023-05-19,1.1890829,0.08337564,1.1057072,1.1057072,0.002034545,False
2023-05-22,0.94450486,0.08607146,0.85843337,0.85843337,0.0026958212,False
2023-05-23,-0.14458676,0.08336212,-0.22794887,0.22794887,0.002709344,False
2023-05-24,0.01550347,0.07983332,-0.06432985,0.06432985,0.0035287961,False
2023-05-25,-1.1222026,0.073900856,-1.1961035,1.1961035,0.005932465,False
2023-05-26,-0.73186004,0.0701526,-0.8020126,0.8020126,0.003748253,False
2023-05-30,0.8757581,0.086225964,0.7895321,0.7895321,0.016073361,False
2023-05-31,1.3049086,0.09389552,1.2110131,1.2110131,0.007669553,False
2023-06-01,0.0016603268,0.096896395,-0.09523607,0.09523607,0.0030008778,False
2023-06-02,-0.61086243,0.10213221,-0.71299464,0.71299464,0.0052358136,False
2023-06-05,0.9854454,0.10004456,0.88540083,0.88540083,0.0020876452,False
2023-06-06,1.4534425,0.09632837,1.3571141,1.3571141,0.0037161931,False
2023-06-07,-0.20035817,0.07928186,-0.27964002,0.27964002,0.017046511,False
2023-06-08,0.23538963,0.081312485,0.15407714,0.15407714,0.002030626,False
2023-06-09,-0.38120097,0.08311794,-0.4643189,0.4643189,0.0018054545,False
2023-06-12,0.61886424,0.083028905,0.5358353,0.5358353,8.903444e-05,False
2023-06-13,0.11480595,0.08115421,0.03365174,0.03365174,0.0018746927,False
2023-06-14,0.9321149,0.08038379,0.8517311,0.8517311,0.00077041984,False
2023-06-15,0.693249,0.0699957,0.6232533,0.6232533,0.010388091,False
2023-06-16,0.08194255,0.07002977,0.011912778,0.011912778,3.4071505e-05,False
2023-06-20,1.2178137,0.06860693,1.1492068,1.1492068,0.0014228448,False
2023-06-21,-0.36716196,0.056720994,-0.42388296,0.42388296,0.011885934,False
2023-06-22,-0.47351077,0.065223135,-0.5387339,0.5387339,0.008502141,False
2023-06-23,-0.52452815,0.06115248,-0.5856806,0.5856806,0.0040706545,False
2023-06-26,0.37107983,0.064838745,0.3062411,0.3062411,0.0036862642,False
2023-06-27,-0.7658809,0.06917327,-0.83505416,0.83505416,0.0043345243,False
2023-06-28,-0.44868383,0.056453034,-0.50513685,0.50513685,0.012720235,False
2023-06-29,1.1455855,0.040013507,1.105572,1.105572,0.016439527,False
2023-06-30,-0.03540767,0.0393734,-0.074781075,0.074781075,0.00064010546,False
2023-07-03,0.44735447,0.033265017,0.41408944,0.41408944,0.0061083846,False
2023-07-05,1.2269005,0.036415778,1.1904846,1.1904846,0.0031507611,False
2023-07-06,0.11706778,0.030205227,0.08686255,0.08686255,0.0062105507,False
2023-07-07,-0.19683184,0.034027334,-0.23085918,0.23085918,0.0038221069,False
2023-07-10,-0.7922511,0.030084487,-0.8223356,0.8223356,0.0039428473,False
2023-07-11,-0.28651005,0.014293485,-0.30080354,0.30080354,0.015791003,False
2023-07-12,0.24050261,0.012902882,0.22759973,0.22759973,0.0013906034,False
2023-07-13,0.6742211,0.008025265,0.6661958,0.6661958,0.0048776167,False
2023-07-14,0.7411234,0.012056755,0.7290666,0.7290666,0.0040314896,False
2023-07-17,0.8470153,0.02248168,0.82453364,0.82453364,0.010424925,False
2023-07-18,-0.102440715,0.030507054,-0.13294777,0.13294777,0.008025374,False
2023-07-19,0.38553825,0.047124494,0.33841375,0.33841375,0.01661744,False
2023-07-20,0.7117275,0.048929416,0.6627981,0.6627981,0.0018049218,False
2023-07-21,0.23579103,0.055393852,0.18039718,0.18039718,0.0064644367,False
2023-07-24,-0.67568964,0.0516703,-0.72735995,0.72735995,0.0037235506,False
2023-07-25,0.032409452,0.054745927,-0.022336476,0.022336476,0.0030756257,False
2023-07-26,0.40341538,0.057031192,0.3463842,0.3463842,0.0022852644,False
2023-07-27,0.28146735,0.05427429,0.22719306,0.22719306,0.002756901,False
2023-07-28,-0.015543889,0.05347359,-0.069017485,0.069017485,0.000800699,False
2023-07-31,-0.6424666,0.054994278,-0.6974609,0.6974609,0.0015206859,False
2023-08-01,0.98778427,0.05058467,0.9371996,0.9371996,0.0044096075,False
2023-08-02,0.1468713,0.052181296,0.09469,0.09469,0.0015966259,False
2023-08-03,-0.26650876,0.051773712,-0.31828249,0.31828249,0.000407584,False
2023-08-04,-1.3839542,0.052228443,-1.4361826,1.4361826,0.0004547313,False
2023-08-07,-0.25479737,0.027503422,-0.2823008,0.2823008,0.024725022,False
2023-08-08,-0.5300074,0.018100629,-0.54810804,0.54810804,0.009402793,False
2023-08-09,0.90240926,0.009627383,0.89278185,0.89278185,0.008473245,False
2023-08-10,-0.4218283,0.0127966795,-0.43462497,0.43462497,0.0031692963,False
2023-08-11,-0.70387304,0.012123504,-0.71599656,0.71599656,0.0006731758,False
2023-08-14,0.025071394,0.014995914,0.01007548,0.01007548,0.0028724102,False
2023-08-15,-0.10696924,0.023653127,-0.13062236,0.13062236,0.008657213,False
2023-08-16,0.57504755,0.042396653,0.5326509,0.5326509,0.018743526,False
2023-08-17,-1.1550909,0.05091854,-1.2060095,1.2060095,0.008521888,False
2023-08-18,-0.75553954,0.038422212,-0.79396176,0.79396176,0.01249633,False
2023-08-21,-0.7712913,0.033161767,-0.8044531,0.8044531,0.005260445,False
2023-08-22,-0.014870683,0.027036108,-0.04190679,0.04190679,0.0061256588,False
2023-08-23,0.68791884,0.027908536,0.6600103,0.6600103,0.0008724276,False
2023-08-24,-0.27774668,0.031737715,-0.3094844,0.3094844,0.0038291793,False
2023-08-25,1.104488,0.034563884,1.0699241,1.0699241,0.0028261691,False
2023-08-28,-1.3457974,0.03877028,-1.3845677,1.3845677,0.0042063966,False
2023-08-29,0.6717966,0.041242264,0.6305544,0.6305544,0.0024719834,False
2023-08-30,0.626462,0.050426953,0.576035,0.576035,0.009184688,False
2023-08-31,1.4508307,0.059328645,1.391502,1.391502,0.008901693,False
2023-09-01,0.38331822,0.06839709,0.31492114,0.31492114,0.009068444,False
2023-09-05,-0.15969366,0.075627625,-0.23532128,0.23532128,0.007230535,False
2023-09-06,0.17991292,0.07928849,0.100624435,0.100624435,0.0036608651,False
2023-09-07,-0.41941777,0.0798136,-0.49923137,0.49923137,0.00052510947,False
2023-09-08,-0.69715995,0.07840023,-0.7755602,0.7755602,0.0014133677,False
2023-09-11,-0.32112658,0.07227102,-0.3933976,0.3933976,0.0061292127,False
2023-09-12,0.14266227,0.06441274,0.07824953,0.07824953,0.007858276,False
2023-09-13,0.67234534,0.0645617,0.6077836,0.6077836,0.00014895946,False
2023-09-14,-0.56958854,0.06524997,-0.6348385,0.6348385,0.00068826973,False
2023-09-15,0.12416323,0.057169326,0.06699391,0.06699391,0.008080646,False
2023-09-18,0.8429919,0.056881182,0.7861107,0.7861107,0.00028814375,False
2023-09-19,-1.2159613,0.06279483,-1.2787561,1.2787561,0.005913645,False
2023-09-20,0.07212877,0.054199457,0.017929316,0.017929316,0.00859537,False
2023-09-21,-0.21510106,0.042940136,-0.2580412,0.2580412,0.011259321,False
2023-09-22,-0.9394795,0.03836502,-0.9778445,0.9778445,0.0045751147,False
2023-09-25,-1.6400934,0.017680552,-1.657774,1.657774,0.02068447,False
2023-09-26,-0.22955985,-0.0020997152,-0.22746015,0.22746015,0.019780267,False
2023-09-27,0.4023065,-0.008750161,0.41105667,0.41105667,0.006650446,False
2023-09-28,-1.4734534,-0.006242063,-1.4672114,1.4672114,0.0025080983,False
2023-09-29,0.022931406,0.0022037812,0.020727625,0.020727625,0.008445844,False
2023-10-02,0.5893174,0.0112048695,0.5781125,0.5781125,0.009001088,False
2023-10-03,-0.27095821,0.02232906,-0.29328728,0.29328728,0.011124191,False
2023-10-04,0.007936755,0.033706386,-0.02576963,0.02576963,0.011377325,False
2023-10-05,-1.3744072,0.055404425,-1.4298116,1.4298116,0.021698039,False
2023-10-06,0.8109755,0.08431992,0.7266556,0.7266556,0.028915495,False
2023-10-10,-0.13040301,0.09619596,-0.22659898,0.22659898,0.011876039,False
2023-10-11,1.1814893,0.10001068,1.0814787,1.0814787,0.0038147196,False
2023-10-12,0.5207991,0.10116849,0.41963062,0.41963062,0.0011578128,False
2023-10-13,0.4293008,0.104681365,0.32461944,0.32461944,0.0035128742,False
2023-10-16,-0.62464345,0.1067882,-0.73143166,0.73143166,0.002106838,False
2023-10-17,-0.5018859,0.103626,-0.6055119,0.6055119,0.0031622052,False
2023-10-18,1.0594369,0.11133654,0.9481004,0.9481004,0.007710539,False
2023-10-19,-0.009824505,0.11190559,-0.1217301,0.1217301,0.000569053,False
2023-10-20,-1.339982,0.10897848,-1.4489605,1.4489605,0.0029271096,False
2023-10-23,-0.84828484,0.10741114,-0.955696,0.955696,0.0015673414,False
2023-10-24,-1.2585284,0.10995885,-1.3684872,1.3684872,0.0025477111,False
2023-10-25,-0.16855699,0.10378027,-0.27233726,0.27233726,0.00617858,False
2023-10-26,0.72657925,0.09976051,0.6268187,0.6268187,0.0040197596,False
2023-10-27,-1.4339628,0.10119664,-1.5351595,1.5351595,0.0014361292,False
2023-10-30,-1.183252,0.102623925,-1.2858759,1.2858759,0.0014272854,False
2023-10-31,-0.48002803,0.097231045,-0.57725906,0.57725906,0.0053928792,False
2023-11-01,1.2010022,0.09166199,1.1093402,1.1093402,0.0055690557,False
2023-11-02,0.64749575,0.0961722,0.55132353,0.55132353,0.004510209,False
2023-11-03,1.0505999,0.10862764,0.9419723,0.9419723,0.012455441,False
2023-11-06,1.8858557,0.120734364,1.7651213,1.7651213,0.012106724,False
2023-11-07,0.939373,0.1339969,0.8053761,0.8053761,0.01326254,False
2023-11-08,0.17529924,0.13695598,0.038343266,0.038343266,0.0029590726,False
2023-11-09,0.2840119,0.1306879,0.153324,0.153324,0.006268069,False
2023-11-10,0.10049156,0.12514947,-0.024657913,0.024657913,0.005538434,False
2023-11-13,-0.80838394,0.122399606,-0.93078357,0.93078357,0.0027498677,False
2023-11-14,1.5616441,0.11949174,1.4421524,1.4421524,0.0029078647,False
2023-11-15,-0.08358389,0.10979098,-0.19337487,0.19337487,0.00970076,False
2023-11-16,1.9075018,0.10719172,1.8003101,1.8003101,0.0025992617,False
2023-11-17,0.15970121,0.103580534,0.05612068,0.05612068,0.0036111847,False
2023-11-20,0.11904274,0.09654504,0.022497699,0.022497699,0.007035494,False
2023-11-21,0.12820491,0.07998011,0.0482248,0.0482248,0.016564928,False
2023-11-22,0.7390278,0.070425786,0.668602,0.668602,0.0095543265,False
2023-11-24,-0.20209311,0.068612084,-0.2707052,0.2707052,0.0018137023,False
2023-11-27,0.4061129,0.06890332,0.33720958,0.33720958,0.00029123574,False
2023-11-28,0.05968737,0.07151007,-0.0118227005,0.0118227005,0.0026067495,False
2023-11-29,-0.19541575,0.06904876,-0.2644645,0.2644645,0.0024613068,False
2023-11-30,0.09801185,0.05702442,0.040987432,0.040987432,0.012024343,False
2023-12-01,-0.09462486,0.05252199,-0.14714685,0.14714685,0.0045024306,False
2023-12-04,0.3784073,0.04699871,0.3314086,0.3314086,0.0055232793,False
2023-12-05,0.5873742,0.04875611,0.5386181,0.5386181,0.001757402,False
2023-12-06,-0.54085094,0.043537997,-0.5843889,0.5843889,0.0052181147,False
2023-12-07,-0.05688697,0.043468,-0.10035497,0.10035497,6.9998205e-05,False
2023-12-08,-0.3906203,0.040300474,-0.43092078,0.43092078,0.003167525,False
2023-12-11,0.7968189,0.03699235,0.75982654,0.75982654,0.0033081248,False
2023-12-12,0.40954977,0.038202096,0.37134767,0.37134767,0.001209747,False
2023-12-13,0.39244944,0.04843168,0.34401774,0.34401774,0.010229584,False
2023-12-14,0.45993575,0.04932662,0.41060913,0.41060913,0.0008949414,False
2023-12-15,1.3650676,0.05298984,1.3120778,1.3120778,0.0036632195,False
2023-12-18,0.26470625,0.049192894,0.21551336,0.21551336,0.0037969463,False
2023-12-19,-0.0076249493,0.04576666,-0.05339161,0.05339161,0.0034262352,False
2023-12-20,0.45283443,0.048413977,0.40442044,0.40442044,0.002647318,False
2023-12-21,0.5866408,0.04984384,0.5367969,0.5367969,0.0014298633,False
2023-12-22,-1.4684267,0.04874692,-1.5171736,1.5171736,0.0010969192,False
2023-12-26,1.0301468,0.034595445,0.9955514,0.9955514,0.014151476,False
2023-12-27,0.16600585,0.031232122,0.13477373,0.13477373,0.0033633225,False
2023-12-28,0.42316896,0.03834389,0.38482505,0.38482505,0.007111769,False
2023-12-29,0.14304577,0.040386043,0.102659725,0.102659725,0.002042152,False
2024-01-02,0.03701746,0.044512752,-0.0074952915,0.0074952915,0.004126709,False
2024-01-03,-0.2826475,0.051805668,-0.33445317,0.33445317,0.007292915,False
2024-01-04,-0.5660579,0.056890137,-0.62294805,0.62294805,0.00508447,False
2024-01-05,-0.8016315,0.053632908,-0.8552644,0.8552644,0.00325723,False
2024-01-08,-0.34283814,0.038890254,-0.38172838,0.38172838,0.014742654,False
2024-01-09,0.18256862,0.0341324,0.14843622,0.14843622,0.004757855,False
2024-01-10,1.4114629,0.040075403,1.3713875,1.3713875,0.005943004,False
2024-01-11,-0.14779007,0.041157357,-0.18894744,0.18894744,0.0010819547,False
2024-01-12,0.56659716,0.04964535,0.5169518,0.5169518,0.008487992,False
2024-01-16,-0.06710556,0.054488987,-0.12159455,0.12159455,0.0048436373,False
2024-01-17,0.07509756,0.056949705,0.018147856,0.018147856,0.0024607182,False
2024-01-18,-0.37313402,0.05693487,-0.43006888,0.43006888,1.4834106e-05,False
2024-01-19,-0.56168973,0.05075741,-0.61244714,0.61244714,0.0061774626,False
2024-01-22,0.8805261,0.033841375,0.84668475,0.84668475,0.016916033,False
2024-01-23,1.2313503,0.03291421,1.1984361,1.1984361,0.00092716515,False
2024-01-24,0.21943252,0.039975848,0.17945667,0.17945667,0.007061638,False
2024-01-25,0.2921374,0.04111641,0.251021,0.251021,0.001140561,False
2024-01-26,0.08119284,0.05112943,0.030063413,0.030063413,0.0100130215,False
2024-01-29,0.52603656,0.05220726,0.4738293,0.4738293,0.0010778308,False
2024-01-30,-0.06517853,0.046084695,-0.11126322,0.11126322,0.0061225668,False
2024-01-31,0.75567746,0.047606327,0.7080711,0.7080711,0.0015216321,False
2024-02-01,-0.060064994,0.042037636,-0.10210263,0.10210263,0.0055686906,False
2024-02-02,-1.6105745,0.04554921,-1.6561236,1.6561236,0.0035115741,False
2024-02-05,1.2493688,0.03299038,1.2163785,1.2163785,0.012558829,False
2024-02-06,1.0684446,0.02812172,1.0403229,1.0403229,0.004868662,False
2024-02-07,-0.31863376,0.037336938,-0.3559707,0.3559707,0.009215219,False
2024-02-08,0.23104109,0.04466196,0.18637913,0.18637913,0.0073250234,False
2024-02-09,0.8241458,0.045002032,0.77914375,0.77914375,0.00034007058,False
2024-02-12,0.057058327,0.05298902,0.004069306,0.004069306,0.007986989,False
2024-02-13,0.5742341,0.059331775,0.51490235,0.51490235,0.006342754,False
2024-02-14,-0.09489536,0.06035547,-0.15525083,0.15525083,0.0010236949,False
2024-02-15,-1.3674256,0.050393485,-1.417819,1.417819,0.009961985,False
2024-02-16,0.95797634,0.029023826,0.9289525,0.9289525,0.021369658,False
2024-02-20,0.58212507,0.023907293,0.55821776,0.55821776,0.0051165335,False
2024-02-21,-0.48034698,0.026227478,-0.50657445,0.50657445,0.0023201853,False
2024-02-22,-0.6005322,0.03186485,-0.63239706,0.63239706,0.005637374,False
2024-02-23,0.12641999,0.019180626,0.107239366,0.107239366,0.012684226,False
2024-02-26,2.1122885,0.01993285,2.0923557,2.0923557,0.00075222366,False
2024-02-27,0.034794755,0.027825508,0.006969247,0.006969247,0.007892659,False
2024-02-28,-0.37867513,0.037537698,-0.41621283,0.41621283,0.009712189,False
2024-02-29,0.17063497,0.0490233,0.12161167,0.12161167,0.011485603,False
2024-03-01,-0.1658155,0.057552777,-0.22336829,0.22336829,0.008529477,False
2024-03-04,0.52290946,0.055192053,0.4677174,0.4677174,0.002360724,False
2024-03-05,0.8007829,0.058065712,0.7427172,0.7427172,0.0028736591,False
2024-03-06,-0.119326204,0.05998736,-0.17931357,0.17931357,0.0019216463,False
2024-03-07,-1.0193101,0.06174531,-1.0810554,1.0810554,0.0017579496,False
2024-03-08,0.5141103,0.046645574,0.46746475,0.46746475,0.015099734,False
2024-03-11,1.0304128,0.039044064,0.9913687,0.9913687,0.0076015107,False
2024-03-12,-0.6528519,0.03572204,-0.6885739,0.6885739,0.003322024,False
2024-03-13,-0.11222381,0.03330724,-0.14553106,0.14553106,0.0024148002,False
2024-03-14,1.1201788,0.02816064,1.0920181,1.0920181,0.0051466003,False
2024-03-15,-0.19245297,0.041523837,-0.23397681,0.23397681,0.013363197,False
2024-03-18,-0.28710917,0.04676635,-0.3338755,0.3338755,0.0052425116,False
2024-03-19,-0.64829177,0.04587631,-0.6941681,0.6941681,0.0008900389,False
2024-03-20,0.63180596,0.042447053,0.5893589,0.5893589,0.0034292564,False
2024-03-21,0.56491494,0.04304424,0.52187073,0.52187073,0.0005971864,False
2024-03-22,0.8904174,0.043801617,0.8466158,0.8466158,0.0007573776,False
2024-03-25,0.32365355,0.05244124,0.2712123,0.2712123,0.0086396225,False
2024-03-26,-0.14021878,0.058181368,-0.19840014,0.19840014,0.0057401285,False
2024-03-27,-0.30549645,0.058422275,-0.36391872,0.36391872,0.00024090707,False
2024-03-28,-0.27997953,0.060510576,-0.3404901,0.3404901,0.002088301,False
2024-04-01,0.8630627,0.05999782,0.8030649,0.8030649,0.0005127564,False
2024-04-02,0.11164855,0.06117501,0.05047354,0.05047354,0.0011771917,False
2024-04-03,-0.20135845,0.061115332,-0.2624738,0.2624738,5.967915e-05,False
2024-04-04,-0.7239059,0.059214376,-0.7831203,0.7831203,0.001900956,False
2024-04-05,0.10911223,0.043338247,0.06577399,0.06577399,0.01587613,False
2024-04-08,-1.2334336,0.032862496,-1.2662961,1.2662961,0.010475751,False
2024-04-09,1.1099194,0.012704732,1.0972147,1.0972147,0.020157764,False
2024-04-10,-0.0374631,0.0076727895,-0.04513589,0.04513589,0.0050319424,False
2024-04-11,0.14454933,0.011086371,0.13346295,0.13346295,0.0034135813,False
2024-04-12,-0.9456981,0.01248291,-0.95818096,0.95818096,0.0013965396,False
2024-04-15,0.7444798,0.017846677,0.7266331,0.7266331,0.005363767,False
2024-04-16,-1.4550688,0.024922816,-1.4799917,1.4799917,0.0070761386,False
2024-04-17,-1.2021354,0.016787117,-1.2189226,1.2189226,0.008135699,False
2024-04-18,-0.2056507,0.027956517,-0.23360722,0.23360722,0.0111694,False
2024-04-19,-0.57806027,0.042191856,-0.62025213,0.62025213,0.014235338,False
2024-04-22,-0.22081602,0.060642496,-0.2814585,0.2814585,0.01845064,False
2024-04-23,-0.8758548,0.070440575,-0.9462954,0.9462954,0.00979808,False
2024-04-24,0.8731248,0.09018194,0.78294283,0.78294283,0.019741364,False
2024-04-25,1.1964576,0.09288229,1.1035753,1.1035753,0.0027003512,False
2024-04-26,0.021301007,0.095527865,-0.074226856,0.074226856,0.0026455745,False
2024-04-29,-0.45764303,0.09383435,-0.5514774,0.5514774,0.001693517,False
2024-04-30,1.0209143,0.09084035,0.930074,0.930074,0.002994001,False
2024-05-01,0.31784487,0.09027064,0.22757423,0.22757423,0.00056970865,False
2024-05-02,-1.5730513,0.09089894,-1.6639503,1.6639503,0.0006283,False
2024-05-03,-0.3435439,0.086858906,-0.4304028,0.4304028,0.0040400326,False
2024-05-06,0.9128437,0.08085409,0.83198965,0.83198965,0.006004818,False
2024-05-07,1.255674,0.07905439,1.1766196,1.1766196,0.0017996952,False
2024-05-08,1.0326124,0.08253589,0.9500766,0.9500766,0.0034814999,False
2024-05-09,0.13434298,0.08453467,0.049808316,0.049808316,0.0019987747,False
2024-05-10,-0.00058356184,0.085136935,-0.085720494,0.085720494,0.0006022677,False
2024-05-13,0.5090948,0.08583874,0.42325604,0.42325604,0.00070180744,False
2024-05-14,0.16493988,0.085747935,0.079191945,0.079191945,9.0807676e-05,False
2024-05-15,-0.024130406,0.0839562,-0.1080866,0.1080866,0.001791738,False
2024-05-16,0.4837813,0.07540944,0.40837187,0.40837187,0.008546755,False
2024-05-17,1.1715928,0.0684364,1.1031564,1.1031564,0.006973043,False
2024-05-20,-0.20816678,0.06424159,-0.27240837,0.27240837,0.004194811,False
2024-05-21,0.11647735,0.06138084,0.055096507,0.055096507,0.0028607473,False
2024-05-22,0.091639,0.05678644,0.034852557,0.034852557,0.0045944005,False
2024-05-23,0.25018743,0.05532541,0.19486201,0.19486201,0.001461029,False
2024-05-24,-0.2706123,0.05532445,-0.32593673,0.32593673,9.611249e-07,True
2024-05-28,-0.73807895,0.053937614,-0.79201657,0.79201657,0.0013868362,False
2024-05-29,0.70010424,0.0513316,0.64877266,0.64877266,0.0026060157,False
2024-05-30,0.024880186,0.052663624,-0.027783439,0.027783439,0.001332026,False
2024-05-31,-0.73670465,0.04930631,-0.786011,0.786011,0.0033573136,False
2024-06-03,-0.59750354,0.032078464,-0.629582,0.629582,0.017227847,False
2024-06-04,0.8027876,0.012655505,0.7901321,0.7901321,0.01942296,False
2024-06-05,0.11160826,0.01878351,0.09282475,0.09282475,0.0061280048,False
2024-06-06,0.15028091,0.018852,0.13142891,0.13142891,6.848946e-05,False
2024-06-07,1.184765,0.020835383,1.1639296,1.1639296,0.0019833837,False
2024-06-10,-0.019981664,0.031354956,-0.05133662,0.05133662,0.010519573,False
2024-06-11,-0.111521974,0.04085654,-0.15237851,0.15237851,0.009501584,False
2024-06-12,0.25808546,0.051957577,0.20612788,0.20612788,0.011101037,False
2024-06-13,0.27103814,0.054118104,0.21692005,0.21692005,0.0021605268,False
2024-06-14,0.8503673,0.04889377,0.80147356,0.80147356,0.005224336,False
2024-06-17,0.23446558,0.053178534,0.18128705,0.18128705,0.0042847656,False
2024-06-18,-0.03938607,0.055805184,-0.095191255,0.095191255,0.00262665,False
2024-06-20,0.76643866,0.052332707,0.71410596,0.71410596,0.0034724772,False
2024-06-21,0.25213274,0.05499661,0.19713613,0.19713613,0.002663903,False
2024-06-24,-0.2525932,0.055092767,-0.30768597,0.30768597,9.615719e-05,False
2024-06-25,-0.15621303,0.049137942,-0.20535097,0.20535097,0.0059548244,False
2024-06-26,-0.30651718,0.04511872,-0.3516359,0.3516359,0.004019223,False
2024-06-27,0.393359,0.0410723,0.3522867,0.3522867,0.004046418,False
2024-06-28,0.15724312,0.04412829,0.11311483,0.11311483,0.0030559897,False
2024-07-01,0.09073212,0.05186136,0.03887076,0.03887076,0.0077330694,False
2024-07-02,-0.40836525,0.05326984,-0.46163508,0.46163508,0.0014084801,False
2024-07-03,0.2675564,0.05461126,0.21294513,0.21294513,0.0013414174,False
2024-07-05,0.6195318,0.057564735,0.5619671,0.5619671,0.0029534772,False
2024-07-08,0.5084444,0.056492113,0.4519523,0.4519523,0.0010726228,False
2024-07-09,0.5448765,0.05469933,0.49017718,0.49017718,0.001792781,False
2024-07-10,0.1016699,0.050512627,0.051157273,0.051157273,0.0041867048,False
2024-07-11,0.07410719,0.051221985,0.022885207,0.022885207,0.0007093586,False
2024-07-12,1.0208066,0.05339531,0.9674112,0.9674112,0.0021733232,False
2024-07-15,-0.8763029,0.048742034,-0.92504495,0.92504495,0.004653275,False
2024-07-16,0.5517027,0.042113274,0.50958943,0.50958943,0.006628759,False
2024-07-17,0.28262025,0.04532931,0.23729095,0.23729095,0.0032160357,False
2024-07-18,0.63893753,0.044259265,0.5946783,0.5946783,0.0010700449,False
2024-07-19,-1.3927543,0.037860423,-1.4306147,1.4306147,0.0063988417,False
2024-07-22,-0.7816404,0.023795262,-0.80543566,0.80543566,0.014065161,False
2024-07-23,-0.7140266,0.010004881,-0.72403145,0.72403145,0.013790381,False
2024-07-24,1.0792036,0.005841138,1.0733625,1.0733625,0.004163743,False
2024-07-25,-0.15581025,0.012235676,-0.16804592,0.16804592,0.006394538,False
2024-07-26,-2.3149095,0.018795948,-2.3337054,2.3337054,0.0065602725,False
2024-07-29,-0.514262,0.018837819,-0.53309983,0.53309983,4.18704e-05,False
2024-07-30,1.1090468,0.036203198,1.0728437,1.0728437,0.01736538,False
2024-07-31,0.081331015,0.043662254,0.03766876,0.03766876,0.0074590556,False
2024-08-01,-0.4960172,0.053419866,-0.54943705,0.54943705,0.009757612,False
2024-08-02,1.5793399,0.074392214,1.5049477,1.5049477,0.020972349,False
2024-08-05,-1.3693503,0.07987994,-1.4492302,1.4492302,0.005487725,False
2024-08-06,-1.8381861,0.09870157,-1.9368877,1.9368877,0.018821627,False
2024-08-07,-2.9968798,0.10212075,-3.0990005,3.0990005,0.0034191832,False
2024-08-08,1.0354086,0.05467701,0.9807316,0.9807316,0.04744374,False
2024-08-09,-0.7734648,0.042650536,-0.8161153,0.8161153,0.012026474,False
2024-08-12,2.3042612,0.034614,2.2696471,2.2696471,0.008036535,False
2024-08-13,0.46716768,0.03459783,0.43256986,0.43256986,1.6171485e-05,False
2024-08-14,0.0043033976,0.042384855,-0.03808146,0.03808146,0.0077870265,False
2024-08-15,1.684758,0.050254054,1.6345038,1.6345038,0.007869199,False
2024-08-16,0.38237286,0.07885308,0.3035198,0.3035198,0.028599024,False
2024-08-19,1.6133248,0.12317678,1.490148,1.490148,0.044323705,False
2024-08-20,0.19897793,0.15101793,0.04796,0.04796,0.02784115,False
2024-08-21,0.97222847,0.15764114,0.81458735,0.81458735,0.0066232085,False
2024-08-22,-0.19845554,0.15670109,-0.35515663,0.35515663,0.00094005466,False
2024-08-23,0.4239677,0.15349941,0.2704683,0.2704683,0.0032016784,False
2024-08-26,-0.89328057,0.14913777,-1.0424184,1.0424184,0.0043616444,False
2024-08-27,1.1483371,0.14079233,1.0075448,1.0075448,0.00834544,False
2024-08-28,-0.31537268,0.13791189,-0.45328456,0.45328456,0.0028804392,False
2024-08-29,0.15951961,0.13415219,0.025367424,0.025367424,0.003759697,False
2024-08-30,-0.5975973,0.13416053,-0.7317578,0.7317578,8.34465e-06,False
2024-09-03,-0.0039379066,0.12345252,-0.12739043,0.12739043,0.010708012,False
2024-09-04,1.0093051,0.124677956,0.88462716,0.88462716,0.0012254342,False
2024-09-05,-2.1151075,0.11627207,-2.2313795,2.2313795,0.008405887,False
2024-09-06,-0.16025436,0.07952593,-0.23978029,0.23978029,0.036746137,False
2024-09-09,-0.30180177,0.06243997,-0.36424175,0.36424175,0.017085962,False
2024-09-10,-1.726025,0.0341791,-1.7602041,1.7602041,0.028260872,False
2024-09-11,1.158007,0.05022873,1.1077783,1.1077783,0.016049631,False
2024-09-12,0.44726726,0.06314814,0.38411912,0.38411912,0.012919411,False
2024-09-13,1.0665026,0.07521686,0.9912857,0.9912857,0.012068719,False
2024-09-16,0.74953026,0.080222905,0.66930735,0.66930735,0.005006045,False
2024-09-17,0.5407711,0.08844792,0.4523232,0.4523232,0.008225016,False
2024-09-18,0.12566298,0.104869634,0.020793349,0.020793349,0.016421713,False
2024-09-19,0.026455007,0.11780406,-0.09134905,0.09134905,0.012934424,False
2024-09-20,-0.28964558,0.12837298,-0.41801858,0.41801858,0.010568924,False
2024-09-23,1.6976854,0.1279559,1.5697294,1.5697294,0.0004170835,False
2024-09-24,-0.19410273,0.13208371,-0.32618645,0.32618645,0.0041278154,False
2024-09-25,0.2809273,0.1307983,0.150129,0.150129,0.0012854189,False
2024-09-26,0.2511179,0.12869427,0.12242362,0.12242362,0.002104029,False
2024-09-27,-0.18612489,0.12627117,-0.31239605,0.31239605,0.0024230927,False
2024-09-30,0.40386757,0.12328389,0.28058368,0.28058368,0.0029872805,False
2024-10-01,-0.1253217,0.11762986,-0.24295157,0.24295157,0.0056540295,False
2024-10-02,0.42365527,0.11322811,0.31042716,0.31042716,0.004401751,False
2024-10-03,-0.9324107,0.11104185,-1.0434526,1.0434526,0.0021862611,False
2024-10-04,0.01383909,0.09771723,-0.083878145,0.083878145,0.013324618,False
2024-10-07,-0.16814135,0.07921975,-0.2473611,0.2473611,0.018497482,False
2024-10-08,0.8970249,0.07971229,0.81731266,0.81731266,0.00049253553,False
2024-10-09,-0.9586022,0.05602713,-1.0146294,1.0146294,0.023685157,False
2024-10-10,0.9689348,0.087356515,0.88157827,0.88157827,0.031329386,False
2024-10-11,0.7113412,0.09725664,0.61408454,0.61408454,0.009900123,False
2024-10-15,-0.20701228,0.09917196,-0.30618423,0.30618423,0.0019153208,False
2024-10-16,0.60518473,0.09777023,0.5074145,0.5074145,0.0014017299,False
2024-10-17,-0.76094663,0.096141346,-0.85708797,0.85708797,0.0016288832,False
2024-10-18,0.46791458,0.09286187,0.37505272,0.37505272,0.0032794774,False
2024-10-21,-0.017116047,0.09621251,-0.113328554,0.113328554,0.0033506379,False
2024-10-22,0.39715528,0.108235635,0.28891966,0.28891966,0.012023129,False
2024-10-23,-0.18227695,0.121247314,-0.30352426,0.30352426,0.013011679,False
2024-10-24,-0.04748539,0.13392137,-0.18140677,0.18140677,0.012674056,False
2024-10-25,-0.91913235,0.13452655,-1.053659,1.053659,0.00060518086,False
2024-10-28,0.2145772,0.12769146,0.086885735,0.086885735,0.006835088,False
2024-10-29,-0.029944718,0.12021022,-0.15015495,0.15015495,0.0074812397,False
2024-10-30,0.26514435,0.1120152,0.15312915,0.15312915,0.00819502,False
2024-10-31,0.16141273,0.10909008,0.05232265,0.05232265,0.0029251203,False
2024-11-01,-0.33002338,0.10780049,-0.43782386,0.43782386,0.0012895912,False
2024-11-04,-1.8614701,0.103671186,-1.9651413,1.9651413,0.0041293055,False
2024-11-05,0.40925094,0.09180178,0.31744915,0.31744915,0.011869408,False
2024-11-06,-0.28120834,0.0907001,-0.37190843,0.37190843,0.0011016801,False
2024-11-07,1.2265644,0.08525522,1.1413091,1.1413091,0.005444877,False
2024-11-08,2.5295928,0.08974272,2.43985,2.43985,0.0044874996,False
2024-11-12,0.743123,0.12016412,0.6229589,0.6229589,0.030421399,False
2024-11-13,0.37568334,0.13051033,0.245173,0.245173,0.0103462115,False
2024-11-14,-0.28926596,0.12200114,-0.4112671,0.4112671,0.008509189,False
2024-11-15,0.023222772,0.10809709,-0.08487432,0.08487432,0.01390405,False
2024-11-18,-0.6049735,0.0968748,-0.70184827,0.70184827,0.011222288,False
2024-11-19,-1.320349,0.09169749,-1.4120464,1.4120464,0.0051773116,False
2024-11-20,0.39178145,0.088386044,0.3033954,0.3033954,0.0033114478,False
2024-11-21,0.3963585,0.08747155,0.30888695,0.30888695,0.0009144917,False
2024-11-22,0.0021950863,0.08550032,-0.08330524,0.08330524,0.00197123,False
2024-11-25,0.5340462,0.08331707,0.4507291,0.4507291,0.002183251,False
2024-11-26,0.34679592,0.08063485,0.26616108,0.26616108,0.002682224,False
2024-11-27,0.30204803,0.07650354,0.22554448,0.22554448,0.0041313097,False
2024-11-29,0.57220054,0.070952475,0.50124806,0.50124806,0.0055510625,False
2024-12-02,-0.3801238,0.07165613,-0.45177993,0.45177993,0.0007036552,False
2024-12-03,0.56077856,0.06919701,0.49158156,0.49158156,0.0024591237,False
2024-12-04,0.24484564,0.06826718,0.17657846,0.17657846,0.000929825,False
2024-12-05,0.04514491,0.067287415,-0.022142503,0.022142503,0.0009797662,False
2024-12-06,0.6051418,0.06748517,0.53765666,0.53765666,0.00019775331,False
2024-12-09,-0.18697757,0.057608753,-0.24458632,0.24458632,0.009876415,False
2024-12-10,0.24954538,0.05088198,0.1986634,0.1986634,0.0067267716,False
2024-12-11,-0.61442137,0.055601455,-0.67002285,0.67002285,0.0047194734,False
2024-12-12,-0.29638833,0.04797805,-0.34436637,0.34436637,0.0076234043,False
2024-12-13,0.8165786,0.041486375,0.77509224,0.77509224,0.006491676,False
2024-12-16,-0.5414023,0.04580249,-0.58720475,0.58720475,0.004316114,False
2024-12-17,-0.002646664,0.04658942,-0.04923608,0.04923608,0.0007869303,False
2024-12-18,0.37993544,0.049351767,0.3305837,0.3305837,0.0027623475,False
2024-12-19,-0.3863995,0.034405544,-0.42080504,0.42080504,0.014946222,False
2024-12-20,-2.9492846,0.016702881,-2.9659874,2.9659874,0.017702663,False
2024-12-23,-0.08651123,0.082253985,-0.16876522,0.16876522,0.0655511,False
2024-12-24,1.0869124,0.101824395,0.985088,0.985088,0.01957041,False
2024-12-26,0.72872734,0.10349671,0.6252306,0.6252306,0.0016723126,False
2024-12-27,1.104276,0.11174924,0.9925267,0.9925267,0.008252531,False
2024-12-30,-0.04056588,0.11714693,-0.15771282,0.15771282,0.0053976923,False
2024-12-31,-1.1055737,0.115374796,-1.2209485,1.2209485,0.0017721355,False
2025-01-02,-1.0701996,0.11212039,-1.18232,1.18232,0.0032544062,False
2025-01-03,-0.42848003,0.11313872,-0.54161876,0.54161876,0.0010183305,False
2025-01-06,-0.22238867,0.11602565,-0.3384143,0.3384143,0.0028869286,False
2025-01-07,1.2596027,0.11799806,1.1416047,1.1416047,0.0019724146,False
2025-01-08,0.5538045,0.12009606,0.43370846,0.43370846,0.002097994,False
2025-01-10,-1.1103913,0.12037398,-1.2307652,1.2307652,0.00027792156,False
2025-01-13,0.15603602,0.11932596,0.03671006,0.03671006,0.001048021,False
2025-01-14,-1.5411644,0.11683243,-1.6579968,1.6579968,0.0024935305,False
2025-01-15,0.1575444,0.111931466,0.04561294,0.04561294,0.004900962,False
2025-01-16,0.11462798,0.107481815,0.007146165,0.007146165,0.0044496506,False
2025-01-17,1.8312793,0.10536782,1.7259115,1.7259115,0.002113998,False
2025-01-21,-0.21126895,0.11368709,-0.32495603,0.32495603,0.008319274,False
2025-01-22,0.9991059,0.1193192,0.8797867,0.8797867,0.00563211,False
2025-01-23,0.8768227,0.1273718,0.7494509,0.7494509,0.008052602,False
2025-01-24,0.61379415,0.091626674,0.52216744,0.52216744,0.03574513,False
2025-01-27,0.53134865,0.068865076,0.46248358,0.46248358,0.022761598,False
2025-01-28,-0.28551322,0.071400866,-0.3569141,0.3569141,0.0025357902,False
2025-01-29,-1.4580716,0.07152384,-1.5295954,1.5295954,0.00012297183,False
2025-01-30,0.92178696,0.05132433,0.87046266,0.87046266,0.020199507,False
2025-01-31,-0.46788958,0.052023076,-0.51991266,0.51991266,0.00069874525,False
2025-02-03,0.52754146,0.0506685,0.47687295,0.47687295,0.0013545752,False
2025-02-04,-0.5046826,0.05019921,-0.5548818,0.5548818,0.00046928972,False
2025-02-05,-0.7608598,0.050797712,-0.8116575,0.8116575,0.0005985014,False
2025-02-06,0.72248816,0.05418636,0.6683018,0.6683018,0.003388647,False
2025-02-07,0.3908673,0.061544366,0.32932293,0.32932293,0.007358007,False
2025-02-10,0.36442986,0.06399425,0.3004356,0.3004356,0.002449885,False
2025-02-11,-0.946477,0.06278139,-1.0092584,1.0092584,0.0012128577,False
2025-02-12,0.6712541,0.055194154,0.61605996,0.61605996,0.007587239,False
2025-02-13,0.03395828,0.050624587,-0.016666308,0.016666308,0.0045695677,False
2025-02-14,-0.27238667,0.0462306,-0.31861728,0.31861728,0.0043939874,False
2025-02-18,1.0426292,0.04766076,0.9949685,0.9949685,0.0014301613,False
2025-02-19,-0.0071943807,0.046609588,-0.05380397,0.05380397,0.0010511726,False
2025-02-20,0.24449877,0.052631214,0.19186756,0.19186756,0.0060216263,False
2025-02-21,0.23769695,0.057461165,0.18023577,0.18023577,0.0048299506,False
2025-02-24,-0.4334185,0.05393534,-0.48735386,0.48735386,0.0035258234,False
2025-02-25,-1.7064127,0.04900729,-1.75542,1.75542,0.0049280524,False
2025-02-26,-0.49691066,0.04494424,-0.5418549,0.5418549,0.0040630475,False
2025-02-27,-0.46797308,0.06319737,-0.5311704,0.5311704,0.018253125,False
2025-02-28,0.013602428,0.08509738,-0.07149495,0.07149495,0.021900013,False
2025-03-03,-1.5864553,0.09935667,-1.685812,1.685812,0.014259294,False
2025-03-04,1.5854144,0.10600868,1.4794058,1.4794058,0.006652005,False
2025-03-05,-1.759674,0.104577065,-1.864251,1.864251,0.0014316142,False
2025-03-06,-1.2234826,0.089683615,-1.3131663,1.3131663,0.01489345,False
2025-03-07,1.1159278,0.077162705,1.0387651,1.0387651,0.012520909,False
2025-03-10,-1.7819008,0.0725818,-1.8544825,1.8544825,0.0045809075,False
2025-03-11,0.5520618,0.059113473,0.49294832,0.49294832,0.013468325,False
2025-03-12,-2.697309,0.053429857,-2.7507389,2.7507389,0.005683616,False
2025-03-13,-0.7567865,0.039800443,-0.796587,0.796587,0.013629414,False
2025-03-14,0.48868698,0.032714497,0.4559725,0.4559725,0.0070859455,False
2025-03-17,-1.3890984,0.03206407,-1.4211625,1.4211625,0.00065042824,False
2025-03-18,2.126587,0.028661042,2.097926,2.097926,0.0034030266,False
2025-03-19,0.64161307,0.037021335,0.6045917,0.6045917,0.008360293,False
2025-03-20,-1.0653512,0.051787116,-1.1171384,1.1171384,0.01476578,False
2025-03-21,1.0798496,0.05570177,1.0241479,1.0241479,0.0039146543,False
2025-03-24,-0.21848932,0.07017628,-0.2886656,0.2886656,0.014474511,False
2025-03-25,0.08246534,0.08607391,-0.0036085695,0.0036085695,0.015897632,False
2025-03-26,1.7646,0.1035341,1.6610659,1.6610659,0.01746019,False
2025-03-27,0.15743335,0.13379025,0.023643091,0.023643091,0.030256152,False
2025-03-28,-1.1156934,0.1410039,-1.2566974,1.2566974,0.007213652,False
2025-03-31,-0.33069807,0.13846049,-0.46915856,0.46915856,0.0025434196,False
2025-04-01,-1.9737221,0.13115221,-2.1048744,2.1048744,0.0073082745,False
2025-04-02,0.55385214,0.103844136,0.450008,0.450008,0.027308077,False
2025-04-03,0.37812355,0.09021082,0.28791273,0.28791273,0.013633318,False
2025-04-04,0.6728195,0.08479164,0.58802783,0.58802783,0.00541918,False
2025-04-07,-4.8395634,0.08282137,-4.9223847,4.9223847,0.0019702688,False
2025-04-08,-5.9749603,0.069862545,-6.0448227,6.0448227,0.012958825,False
2025-04-09,-0.23314725,0.048783123,-0.2819304,0.2819304,0.021079421,False
2025-04-10,-1.5700525,0.037611555,-1.6076641,1.6076641,0.011171568,False
2025-04-11,9.515388,0.027791884,9.487596,9.487596,0.0098196715,False
2025-04-14,-3.460758,0.026631845,-3.4873898,3.4873898,0.0011600386,False
2025-04-15,1.8092095,0.02079625,1.7884132,1.7884132,0.0058355946,False
2025-04-16,0.79447126,0.015388161,0.77908313,0.77908313,0.0054080896,False
2025-04-17,-0.17277808,0.014649587,-0.18742767,0.18742767,0.0007385742,False
2025-04-21,-2.240837,0.018989336,-2.2598264,2.2598264,0.004339749,False
2025-04-22,0.13268381,0.015762106,0.11692171,0.11692171,0.0032272302,False
2025-04-23,-2.3567493,0.030686509,-2.387436,2.387436,0.014924403,False
2025-04-24,2.5117204,0.029753586,2.4819667,2.4819667,0.0009329226,False
2025-04-25,1.6661139,0.030938292,1.6351756,1.6351756,0.0011847056,False
2025-04-28,2.0259113,0.03827812,1.9876332,1.9876332,0.0073398296,False
2025-04-29,0.73731333,0.0405215,0.6967918,0.6967918,0.0022433773,False
2025-04-30,0.06407067,0.055447184,0.008623488,0.008623488,0.014925685,False
2025-05-01,0.5802411,0.056760833,0.52348024,0.52348024,0.0013136491,False
2025-05-02,0.14799914,0.062725805,0.08527333,0.08527333,0.005964972,False
2025-05-05,0.62991023,0.063270815,0.5666394,0.5666394,0.00054500997,False
2025-05-06,1.4726574,0.07324353,1.399414,1.399414,0.009972714,False
2025-05-07,-0.63815975,0.09621602,-0.7343758,0.7343758,0.022972494,False
2025-05-08,-0.76932395,0.09718168,-0.8665056,0.8665056,0.00096565485,False
2025-05-09,0.4346356,0.08362961,0.351006,0.351006,0.01355207,False
2025-05-12,0.5799775,0.08377726,0.49620026,0.49620026,0.00014764816,False
2025-05-13,-0.07114809,0.09752609,-0.16867417,0.16867417,0.013748832,False
2025-05-14,3.2558782,0.1016727,3.1542056,3.1542056,0.004146613,False
2025-05-15,0.7248201,0.12292866,0.6018914,0.6018914,0.021255955,False
2025-05-16,0.10244156,0.12136036,-0.018918805,0.018918805,0.0015682951,False
2025-05-19,0.41323322,0.11254338,0.30068985,0.30068985,0.00881698,False
2025-05-20,0.70052725,0.09453207,0.6059952,0.6059952,0.01801131,False
2025-05-21,0.08761131,0.09312268,-0.0055113733,0.0055113733,0.0014093891,False
2025-05-22,-0.38802296,0.08021916,-0.4682421,0.4682421,0.012903526,False
2025-05-23,-1.6135131,0.06828435,-1.6817975,1.6817975,0.011934809,False
2025-05-27,-0.044487104,0.059049867,-0.10353697,0.10353697,0.009234481,False
2025-05-28,-0.6708298,0.05531299,-0.72614276,0.72614276,0.003736876,False
2025-05-29,2.0459056,0.06790889,1.9779967,1.9779967,0.012595899,False
2025-05-30,-0.5571225,0.067936204,-0.6250587,0.6250587,2.7313828e-05,False
2025-06-02,0.40111944,0.0687497,0.33236974,0.33236974,0.0008134991,False
2025-06-03,-0.008118516,0.07073878,-0.078857295,0.078857295,0.001989074,False
2025-06-04,0.4102042,0.07602831,0.33417588,0.33417588,0.0052895322,False
2025-06-05,0.5800291,0.08020139,0.49982768,0.49982768,0.0041730776,False
2025-06-06,0.0073687457,0.07812527,-0.070756525,0.070756525,0.0020761192,False
2025-06-09,-0.52773833,0.06135665,-0.589095,0.589095,0.01676862,False
2025-06-10,1.0280683,0.053945065,0.97412324,0.97412324,0.0074115843,False
2025-06-11,0.09199481,0.063640565,0.028354242,0.028354242,0.0096955,False
2025-06-12,0.54829895,0.06153655,0.4867624,0.4867624,0.0021040142,False
2025-06-13,-0.2743889,0.06774854,-0.34213746,0.34213746,0.0062119886,False
2025-06-16,0.382242,0.07357708,0.30866492,0.30866492,0.0058285445,False
2025-06-17,-1.129638,0.08173834,-1.2113763,1.2113763,0.008161254,False
2025-06-18,0.93926597,0.09600659,0.8432594,0.8432594,0.014268249,False
2025-06-20,-0.8352185,0.101143666,-0.93636215,0.93636215,0.0051370785,False
2025-06-23,-0.03092402,0.103564665,-0.13448869,0.13448869,0.002420999,False
2025-06-24,-0.21786585,0.102351956,-0.32021782,0.32021782,0.0012127087,False
2025-06-25,0.9606504,0.10034337,0.86030704,0.86030704,0.0020085871,False
2025-06-26,1.112172,0.100824475,1.0113475,1.0113475,0.00048110634,False
2025-06-27,-0.0003286103,0.10871457,-0.10904318,0.10904318,0.007890098,False
2025-06-30,0.80201215,0.116932556,0.6850796,0.6850796,0.008217983,False
2025-07-01,0.5218971,0.119045384,0.4028517,0.4028517,0.0021128282,False
2025-07-02,0.5164427,0.11440562,0.40203708,0.40203708,0.004639767,False
2025-07-03,-0.11185311,0.1097934,-0.22164652,0.22164652,0.004612215,False
2025-07-07,0.4745097,0.10863443,0.36587524,0.36587524,0.0011589751,False
2025-07-08,0.8338955,0.10739219,0.7265033,0.7265033,0.0012422353,False
2025-07-09,-0.7862297,0.10509244,-0.8913222,0.8913222,0.0022997484,False
2025-07-10,-0.07158869,0.10246933,-0.17405802,0.17405802,0.002623111,False
2025-07-11,0.60621035,0.107210144,0.4990002,0.4990002,0.004740812,False
2025-07-14,0.2746205,0.10712577,0.16749474,0.16749474,8.4377825e-05,False
2025-07-15,-0.3297523,0.10648803,-0.43624032,0.43624032,0.0006377399,False
2025-07-16,0.14074138,0.10156916,0.039172217,0.039172217,0.004918866,False
2025-07-17,-0.39562982,0.092754744,-0.48838457,0.48838457,0.008814417,False
2025-07-18,0.31936574,0.07533386,0.24403188,0.24403188,0.01742088,False
2025-07-21,0.53737676,0.066114135,0.47126263,0.47126263,0.009219728,False
2025-07-22,-0.009048621,0.04090506,-0.04995368,0.04995368,0.025209077,False
2025-07-23,0.13991348,0.030071622,0.10984186,0.10984186,0.010833437,False
2025-07-24,0.063753165,0.018248558,0.045504607,0.045504607,0.011823064,False
2025-07-25,0.78118867,0.0149615435,0.7662271,0.7662271,0.0032870146,False
2025-07-28,0.06982236,0.03361024,0.036212124,0.036212124,0.018648695,False
2025-07-29,0.39743277,0.044020645,0.35341212,0.35341212,0.010410406,False
2025-07-30,0.01768581,0.05045297,-0.03276716,0.03276716,0.0064323246,False
2025-07-31,-0.29594424,0.05717139,-0.35311562,0.35311562,0.0067184195,False
2025-08-01,-0.12494327,0.041541323,-0.1664846,0.1664846,0.015630066,False
2025-08-04,-0.36948192,0.046300367,-0.41578227,0.41578227,0.0047590435,False
2025-08-05,-1.5992134,0.03368563,-1.632899,1.632899,0.012614738,False
2025-08-06,1.4737101,0.047173258,1.4265368,1.4265368,0.01348763,False
2025-08-07,-0.4857866,0.052233614,-0.5380202,0.5380202,0.005060356,False
2025-08-08,0.7281907,0.060120605,0.66807014,0.66807014,0.007886991,False
2025-08-11,-0.079748005,0.06300652,-0.14275452,0.14275452,0.0028859153,False
2025-08-12,0.77997154,0.06669989,0.7132716,0.7132716,0.003693372,False
2025-08-13,-0.2504128,0.07008865,-0.32050145,0.32050145,0.003388755,False
2025-08-14,1.1345435,0.06628561,1.0682579,1.0682579,0.003803037,False
2025-08-15,0.32300788,0.070871755,0.2521361,0.2521361,0.0045861453,False
2025-08-18,0.03030908,0.07275958,-0.042450503,0.042450503,0.0018878281,False
2025-08-19,-0.2897135,0.07531577,-0.36502928,0.36502928,0.00255619,False
2025-08-20,-0.010076318,0.07377532,-0.083851635,0.083851635,0.0015404522,False
2025-08-21,-0.5858103,0.0696141,-0.6554244,0.6554244,0.004161224,False
2025-08-22,-0.24316694,0.05789525,-0.3010622,0.3010622,0.011718847,False
2025-08-25,-0.40041816,0.052606314,-0.45302448,0.45302448,0.005288936,False
2025-08-26,1.5186445,0.046089366,1.472555,1.472555,0.0065169483,False
2025-08-27,-0.42663854,0.055312224,-0.48195076,0.48195076,0.009222858,False
2025-08-28,0.41339952,0.059819773,0.35357976,0.35357976,0.004507549,False
2025-08-29,0.23909843,0.059455708,0.17964272,0.17964272,0.00036406517,False
2025-09-02,0.31567195,0.057117432,0.25855452,0.25855452,0.0023382753,False
2025-09-03,-0.63981843,0.05762779,-0.6974462,0.6974462,0.0005103573,False
2025-09-04,-0.692228,0.03883061,-0.73105866,0.73105866,0.018797178,False
2025-09-05,0.5100074,0.018906167,0.4911012,0.4911012,0.019924445,False
2025-09-08,0.83464867,0.010204772,0.8244439,0.8244439,0.008701394,False
2025-09-09,-0.3165153,0.015466213,-0.3319815,0.3319815,0.0052614408,False
2025-09-10,0.21059789,0.019695284,0.1909026,0.1909026,0.0042290706,False
2025-09-11,0.26881537,0.026159983,0.24265538,0.24265538,0.0064646993,False
2025-09-12,0.298347,0.03573537,0.26261163,0.26261163,0.009575386,False
2025-09-15,0.84858906,0.036239646,0.81234944,0.81234944,0.00050427765,False
2025-09-16,-0.04827613,0.044559382,-0.092835516,0.092835516,0.0083197355,False
2025-09-17,0.4706619,0.055769585,0.41489232,0.41489232,0.011210203,False
2025-09-18,-0.12879303,0.047795877,-0.17658891,0.17658891,0.007973708,False
2025-09-19,-0.09701682,0.038614888,-0.13563171,0.13563171,0.009180989,False
2025-09-22,0.4789119,0.03936935,0.43954256,0.43954256,0.0007544607,False
2025-09-23,0.4885419,0.04100015,0.44754174,0.44754174,0.0016308017,False
2025-09-24,0.44100463,0.04303219,0.39797243,0.39797243,0.0020320415,False
2025-09-25,-0.5502159,0.038138438,-0.58835435,0.58835435,0.0048937537,False
2025-09-26,-0.28466177,0.032922458,-0.31758422,0.31758422,0.00521598,False
2025-09-29,-0.5009061,0.0358383,-0.5367444,0.5367444,0.0029158406,False
2025-09-30,0.5901837,0.03373318,0.5564505,0.5564505,0.0021051168,False
2025-10-01,0.26355442,0.044436444,0.21911798,0.21911798,0.010703262,False
2025-10-02,0.40908483,0.039352678,0.36973214,0.36973214,0.005083766,False
2025-10-03,0.33999208,0.036743853,0.30324823,0.30324823,0.0026088245,False
2025-10-06,0.06183547,0.033677347,0.028158125,0.028158125,0.0030665062,False
